4370; 1920; 5349; 958; 8971; 8794; 6957; 2442; 8187; 4637; 7589; 9612; 2168; 9339; 7887; 3160; 8757; 6209; 1965
68; 2698; 8140; 2001; 127; 5169; 6927; 8973; 8804; 8081; 2789; 5638; 7634; 6387; 4502; 1601; 614; 4008; 1019; 213; 6652; 509; 4557; 4523; 5040
7707; 2376; 4310; 6618; 5045; 394; 3185; 8285; 5919; 8498; 1675; 5371; 926; 350; 5357; 6619; 2712; 7549; 1116; 9889; 909; 1372; 774
7708; 4995; 6379; 5821; 2099; 1518; 7817; 9861; 2353; 4162; 4040; 3809; 3179; 1555; 3893; 5791; 9145; 5220; 6736; 700; 8906; 7194; 2263; 2522; 5518; 7883
9514; 5924; 2859; 9188; 4478; 8324; 1077; 8704; 7068; 1732; 4304; 633; 2813; 5604; 375; 675; 8977; 8881; 3436; 3916; 9523; 1762; 8313; 2658
501; 910; 7405; 4267; 3749; 7801; 3488; 8105; 7051; 9506; 9448; 6636; 8908; 659; 3344; 5376; 8851
7710; 5790; 8683; 4674; 1514; 6189; 6669; 8527; 5657; 198; 5953; 9937; 5552; 9365; 4673; 3199; 786; 8054; 8454; 7738; 6497; 6954; 5569
5527; 4470; 600; 3609; 6682; 8892; 1274; 5253; 5216; 1867; 6509; 6250; 6884
7880; 3055; 9282; 4380; 4855; 7947; 8015; 9366; 3972; 684; 1122; 5031; 4831; 8205; 1863; 8796; 4676; 6272
7045; 389; 671; 9658; 8302; 4302; 8867; 8946; 2110; 5918; 9283; 2909; 9699; 2312; 7207; 8301; 3894; 780
9372; 3405; 7703; 1031; 1113; 8439; 7931; 168; 9124; 6169; 9958; 4930; 9845; 6582; 7075; 9240; 8853; 9567
527; 138; 3311; 5407; 7530; 7512; 7072; 7658; 6814; 7619; 822; 7337
4660; 6626; 3414; 7812; 426; 5574; 6937; 3781; 5596; 6470; 2513; 9721; 7185; 9677; 3233; 7866; 1866; 1248; 9199; 5876; 4550; 3357; 9551
7054; 589; 5307; 9985; 9317; 273; 2091; 2436; 9038; 2792; 7211; 4327; 8437; 5461; 9417; 961; 1556; 4305; 5937
3503; 2236; 6447; 4544; 3356; 5143; 9754; 7281; 876; 8304; 4298; 2979; 2497; 2320; 7282; 1170; 4629; 6041
2391; 5648; 7919; 3690; 942; 2117; 405; 4820; 3710; 2812; 6055; 4000; 4572
1188; 2807; 4419; 900; 1470; 6396; 6851; 5505; 3550; 6286; 4283; 3753; 4901; 1570; 1663; 46
8664; 99; 1968; 4704; 5872; 2902; 3402; 8328; 2050
7752; 817; 1365; 9603; 9249
7993; 2868; 4670; 8772; 4804; 9847; 1423; 119; 3237; 8199; 7547; 9853; 2741; 6607; 4728; 3409; 1505; 4142; 2546; 6863; 8223; 309
6740; 9451; 1106; 3010; 3643; 6184; 7476; 9418; 4296; 2012; 6265; 9454; 5645; 5607; 4798; 4427; 2445; 5034; 5853; 9347; 3856; 6200; 4931; 9647; 6213
7706; 153; 2081; 6926; 8362; 6014; 2070; 1487; 3805; 5159; 9477; 1040; 4076; 8661; 8446; 1749; 1900; 414; 8698
8126; 1635; 3192; 4594; 2799; 2335; 3354; 3948; 2867; 3112; 3242; 8128; 4785; 721; 7685; 1714; 8444; 8775; 572; 1618; 3471; 9349
709; 9816; 4524; 4268; 3561; 2883; 7415; 4739; 102; 3964; 2904; 6058; 9389; 8361; 1768; 8491; 5764; 5248; 8633; 3640; 7148; 3974
4979; 7266; 9790; 5636; 7268; 6546; 2313; 9405; 2431; 9918; 4904; 272; 9517; 8708; 3234; 142; 9836
7039; 5326; 5485; 6578; 5074; 5510; 3649; 7621; 9618; 9318; 6079; 936; 8495; 7740; 6980; 8582
8341; 3677; 4337; 5476; 8452; 1736; 5359; 9270; 8151; 9134; 2253; 4875; 7177; 4009; 3231; 787; 1430; 4690; 2552; 953
502; 9173; 8989; 1815; 1311; 7915; 3709; 1784; 3473; 6477; 1316; 645; 1582; 4256; 3565; 9014; 6529
5150; 3398; 7824; 8548; 5324; 108; 7717; 6708; 7361; 6206; 6829; 3411; 3223; 3880; 3620; 7080; 617; 121; 8346; 8563
6158; 1563; 4879; 4591; 4029; 301; 8649; 8921; 5838; 4348; 1415; 9023; 3303; 2739; 8031; 628; 2402
4647; 4705; 8357; 563; 8798; 8621; 5125; 8425; 3245; 5456; 1905; 5029; 5955; 2667; 4547; 2392
3991; 243; 1352; 7130; 8018; 3312; 3790; 3509; 6732; 5327; 9577; 3784; 3491; 3049; 4379; 4414; 2468; 5864; 5562; 2299; 2401; 9412; 6043; 8135; 6838; 2805; 4592; 5282; 1138; 4253; 3229
5152; 8025; 1840; 3751; 4225; 2382; 1708; 3228; 5565; 3388; 5121; 2822; 1333; 5686; 1180; 5425; 302
5532; 2180; 4424; 8732; 7212; 8972; 3806; 1388; 7125; 5795; 2687; 6659; 607; 2167; 2575; 5091; 1579; 9031; 3619
4990; 3128; 4607; 2722; 4013; 1404; 6013; 5112; 7070; 6612
4445; 357; 9722; 7764; 5812; 150; 5799; 5277; 4234; 3314; 6833; 3504; 7330; 3758; 4236; 6946; 9550; 3778; 5778
1691; 7635; 7679; 5088; 9324; 4092; 1058; 4372; 7092; 5602; 5715; 6675; 7156; 3553; 7681; 4967; 8403; 3166; 293; 9720; 7294; 4145; 3422; 4121
5752; 9941; 864; 9996; 5866; 2408; 3632; 5423; 6246; 3568; 5467; 7449; 7357; 2832; 2433; 6086; 1438; 4711; 9133
6768; 1270; 8231; 118; 9053; 5774; 2438; 1976; 1398; 2769; 9425; 3522; 8200
4759; 1754; 6465; 3081; 6883; 9150; 7676; 9656; 1851; 7179; 4556; 5050
5397; 5603; 194; 2407; 8933; 4320; 255; 9630; 9778; 8677; 4423; 6426
7581; 6399; 2547; 6466; 2055; 6606; 4793; 2450; 8898; 8593; 9224; 2967; 1917; 5266; 7469; 373
6554; 1898; 3692; 3517; 9914; 9865; 7773; 2735; 5105
2298
9266; 7004; 3197; 9311; 7729; 6340; 2419; 5226; 5186; 83; 9695; 5137; 3498; 5210; 3725; 2287; 2123; 8540; 2644; 3284; 7718; 1763; 994; 2083; 9947
5522; 1961; 5623; 1662; 2704; 7425; 2240; 4590; 1724; 8974; 2390; 3178; 4767; 7174; 6383; 1359; 4713; 2872; 5883; 712; 1501; 3100
5313; 2262; 7336; 6742; 573; 9681; 4457; 4436; 5879; 2154; 9359; 9258; 6408; 3903; 3661; 6581; 9645; 3047; 5414; 5103; 3295
3026; 4342; 6060; 6693; 3050; 5205; 2467; 8468; 5235; 8469; 9428; 5391; 5875; 3071; 7816; 591; 1475; 4435; 6565; 4828; 9835; 9965
8340; 4264; 2132; 169; 5364; 388; 5914; 8218; 6930; 3184; 8953; 8897; 8246; 3261; 3056; 17
4734; 275; 5514; 1205; 6378; 3148; 5082; 776; 9711; 2371; 2773; 2957; 3764; 9052; 7628; 3747; 25; 3102; 6010; 5071; 5708; 5027
8136; 2495; 4063; 4383; 688; 7362; 4254; 1134; 4529; 3770; 1764; 3715; 158; 5954; 5448; 7458; 6285; 1119; 7118; 2166; 7830; 3187
8472; 2084; 9003; 6109; 9905; 9570; 7569; 2145; 7545; 4947; 8267; 9371; 7106; 9908; 1928; 8071; 8203; 7377; 9962; 2268
506; 4722; 3760; 6642; 2548; 6025; 4538; 3374; 6696; 6145; 6177; 3890; 960; 8869; 1528; 9680; 6716
4987; 7340; 6826; 7520; 7366; 4897; 42; 4684; 6929; 3733; 6289; 5950; 2723; 6403; 2107; 1369; 1926; 7470; 5012
8348; 4458; 1665; 6981; 5363; 29; 6831; 2736; 5891; 7240; 4124; 2310; 5305; 5406; 3147; 5878; 620
9374; 5110; 9017; 3337; 1677; 8016; 3656; 846; 5886; 6503; 6893; 6960; 4189; 2771; 6126; 4858; 4586; 4806
3868; 2877; 6096; 3108; 5926; 2701; 4474; 8037; 6137; 6522; 6132; 3883; 5591; 6849; 1791; 8802; 8412; 8819; 9089; 7522; 2456
2594; 2583; 9538; 2627; 5335; 2612; 9824; 1353; 9101; 9022; 8460; 2041; 8737; 4763; 5882
78; 3990; 925; 2202; 8969; 6067; 2463; 1022; 8005; 1595; 8636; 2891; 3041; 6725; 8176; 6877
3979; 8647; 2386; 8679; 126; 1561; 7842; 5848; 161; 122; 2279; 7809; 6423; 9910; 3294; 4896; 8409
8274; 4751; 7562; 6243; 2428; 807; 6299; 7525; 5781; 1109; 139; 6975; 5857; 5170; 4872; 2510
9364; 8830; 2661; 1811; 6535; 884; 2919; 5193; 4006; 1242; 5577; 8093; 4144; 5641; 9328; 2106
2618; 6653; 8433; 3495; 611; 6015; 3373; 5424; 5119; 1967; 1094; 3366; 7355; 411; 5254; 530; 9004; 3780
9547; 8249; 9470; 6595; 9426; 6979; 862; 8109; 7649; 7473; 9325; 4295; 6478; 5488; 7264; 3235; 1155; 9997; 2162; 3921; 8770; 618; 3955
5700; 2457; 6687; 4515; 1488; 5816; 3326; 5804; 5798; 6941; 6287; 4518; 6904; 8854; 356; 8600
5634; 9805
5972; 9444; 9102; 553; 8426; 2192; 2379; 3401; 4403; 4207; 7698; 2016; 7705; 9912; 782; 51; 4339; 4769; 5352; 1101; 2826; 6850
4724; 6032; 2249; 6976; 977; 4043; 2863; 7970; 6757; 5452; 32; 6550; 1653; 662; 1028; 8610; 155; 4851; 6226; 3339; 252
4976; 3684; 1168; 5742; 5745; 9739; 4031; 6327; 4246; 1992; 702; 6342; 7914; 5271; 8214; 8407; 1187; 1158; 2542; 6024; 248; 7712
9512; 2490; 8190; 5198; 3154; 9823; 9983; 1041; 1252; 387; 9625; 1706; 1059; 7253; 2452; 6242; 8094; 5901; 7221; 6449; 5689; 4094
9513; 9200; 8181; 7407; 2847; 1144; 5457; 7827; 1946; 8734; 6823; 8118; 4272; 8319; 715; 3393; 4655; 8134; 6864; 45; 3819; 5353; 989
4726; 3243; 5967; 3645; 9829; 8419; 4373; 7483; 9099; 3774; 9746; 835; 9164; 6102; 5579; 7035; 9295; 6238; 6972; 8159; 7034
7877; 8086; 9335; 5692; 393; 6597; 7813; 9608; 2174; 7693; 1390; 1192; 6959; 2750; 3798; 1377; 7576; 9135; 6843; 6796; 9352; 7307; 4463; 326; 1193
9515; 2177; 5716; 9500; 5133; 3811; 4955; 7859; 7696; 7143; 4173; 9525; 2000; 7636; 5615; 5319; 8040; 630
5526; 4588; 9527; 5249; 6640; 6114; 6798; 224; 4106; 5351; 2700; 8518; 1301; 6029; 7819; 7372; 6993; 160; 2972
9516; 8778; 1886; 898; 592; 6023; 6905; 4184; 8170; 9186; 6964; 5830; 3832; 1960; 3246; 7845; 9846; 1599; 4575; 2488; 4138; 8671; 6385
1738; 585; 8913; 5841; 1291; 4107; 7578; 5844; 7166; 4017; 7936; 3505; 635; 439; 1220; 3207; 428; 9690; 1498; 2706; 6362; 1405; 4285
7882; 7387; 2881; 1792; 5097; 8599; 9494; 2096; 397; 4118; 3258; 3601; 241; 1126; 4666; 3544; 4391; 1600; 5780; 2242; 104; 3484
5535; 9153; 358; 4677; 4840; 2656; 7958; 3365; 196; 9957; 3254; 1544; 2928; 7091; 6001; 9471; 274; 6234; 8373; 4294; 5601; 940
5536; 4078; 2505; 1794; 670; 3608; 808; 7379; 3062; 1758; 2753; 3549; 2108; 9811; 4850; 2844; 8812; 964; 9561; 5581; 3417; 7178; 5822; 1026
5539; 947; 1247; 6543; 880; 3433; 7988; 663; 5665; 2197; 8493; 8256; 5564; 2631; 7606; 7702; 3920; 3736; 8859; 5976
7723; 4975; 3131; 8835; 8717; 6404; 4212; 756; 2073; 3835; 6062; 7286; 8629; 9087; 5165; 855; 1981; 2238; 8276; 761
3467; 7295; 4517; 905; 4284; 2393; 7779; 1996; 8366; 4399; 4537; 8651; 3350; 1219; 1236; 8011; 1386; 5238; 6151; 8358; 4742; 4881; 7806; 3101
4743; 7216; 7466; 8653; 2440; 5966; 4335; 339; 8255; 8125; 3191; 6878; 9880; 2133; 4170
7725; 8487; 8951; 1287; 1795; 7608; 7007; 5447; 6569; 2068; 7759; 5829; 8788; 4238; 2732; 3127; 3689
5542; 8307; 2350; 3555; 7508; 3319; 7444; 6500; 4324; 8006; 4065; 1331; 4830; 6; 6923; 6174; 1592; 3416; 8257; 7795; 2352
9532; 9234; 5490; 4041; 8033; 5504; 1850; 5179; 9694; 2057; 5455; 2650; 919; 1624; 8987; 3914; 6598; 3189; 3752; 7631; 6205; 7675; 4645
7895; 3824; 3721; 6326; 9254; 8895; 185; 4695; 5619; 9093; 3959; 9772; 4712; 9455; 2543; 3869; 8179; 5963
4998; 6321; 208; 7761; 5825; 5047; 7421; 8743; 210; 6302; 2052; 8122; 9327
9536; 8967; 8524; 5979; 6746; 3543; 7037; 872; 6098; 1491; 9761; 2482; 8432; 3654; 4555; 7334; 8168; 7798
3477; 5471; 5874; 3887; 5419; 4584; 8849; 2913; 6780; 1962; 7523; 8618; 1793; 6136; 9073; 907; 542; 2195
7733; 4261; 7134; 137; 6706; 681; 1930; 1987; 2229; 9204; 9999; 6215; 9946; 3763; 9664; 8042; 8539; 4604; 2430; 1450; 6518; 6225; 1381; 1235; 9190
5550; 8943; 1759; 9925; 3571; 6771; 7610; 5404; 8844; 4402; 6548; 3152; 2880; 3442; 6394; 1074; 1016; 1531
5005; 3591; 6261; 1774; 3938; 2284; 6005; 5873; 7167; 9246; 9083; 4927; 5980; 3628; 8576; 2113; 7565
9541; 5411; 857; 6885; 223; 9141; 6526; 1673; 5415; 651; 2519; 7978; 5783; 9394; 8749; 2646; 3593; 5793; 2155
5007; 6782; 7235; 8601; 8764; 5135; 5952; 3895; 6762; 1305; 6588; 3262; 9446; 6489; 2788; 9747; 9130; 4971
4756; 5092; 3533; 8039; 9189; 9361; 2714; 5087; 7504; 1360; 2684; 9843; 443; 6629; 9456; 4148; 8602
7739; 2454; 9108; 7652; 9176; 5640; 7232; 2762; 4105; 6233; 1215; 9716; 8748; 6036; 6978; 875; 2250; 2046
4758; 9321; 2523; 1157; 1684; 7001; 8377; 9257; 4842; 3782; 7163; 7113; 4351; 9467; 6511; 2412
5013; 4508; 6827; 3298; 460; 6562; 1888; 851; 2778; 1681; 1829; 8486; 3021; 1296; 4628; 1256; 449; 7347; 4640; 536
5014; 38; 8858; 7455; 8578; 5654; 9; 7292; 2042; 4657; 2675; 955; 3280; 3909; 1609; 4274
5015; 4859; 4837; 7646; 1803; 5690; 5466; 3962; 5166; 8275; 6857; 8197; 2993; 632; 8484; 4651; 9703; 6996; 5296; 9601; 7255; 7314
8043; 1687; 4779; 5187; 529; 7774; 3164; 8530; 6944; 7352; 2611; 294; 490; 7468; 7287; 3912; 4187; 2245; 996; 7528; 5199
9555; 60; 8254; 5269; 3572; 1529; 8505; 2815; 9351; 9723; 9487; 8206; 7271
9557; 2952; 5229; 9501; 4438; 796; 6764; 3528; 7482; 2862; 2325
4266; 1860; 8774; 4543; 186; 9783; 8792; 5368; 2758; 2; 6674; 5274; 3965; 2023; 9655; 7326; 8905; 8077; 8166; 9775; 6758; 2404; 8668; 2480; 2158; 5483; 328; 867
4270; 1414; 687; 6274; 9686; 2385; 519; 9740; 7609; 7534; 419; 5243; 9040; 4210; 6914; 2680; 3977; 4703; 972
8051; 8709; 1336; 2130; 2470; 2602; 4791; 5580; 9367; 5043; 1986; 7111; 6157; 7356
8052; 9674; 6702; 7867; 2085; 4662; 3037; 4528; 4112; 5270; 2997; 920; 6270; 6065; 9074; 6214; 124; 7981
1933; 749; 190; 9769; 2288; 5767; 5906; 7982; 306; 7073; 1185; 7243; 3851; 1922; 9229; 3759; 2509; 2009; 7804; 1367; 2437
5703; 5789; 3264; 8810; 4625; 469; 8940; 1950; 2435; 8842; 8935; 8489; 2940; 6124; 9007; 1623; 5991; 9510; 8260; 3002
1914; 6315; 1800; 4800; 5472; 8565; 5131; 1453; 3966; 2383; 6874; 4201; 3726; 4002
8057; 4668; 2672; 655; 6755; 9854; 6111; 28; 4242; 1516; 4056; 1568; 8349; 310; 2724; 6519
8650; 8228; 6577; 2912; 3205; 754; 8720; 6928; 8899; 5951; 2861; 3447; 3292; 5992; 8730; 1309; 3105; 1838; 7375
7604; 4222; 6697; 2036; 9593; 6190; 9492; 5495; 7758; 1761; 1210; 5163; 3699; 1890; 732; 5590; 4685; 3224; 8351; 4314; 1046; 5570; 9274; 4567; 7612; 680
3807; 5826; 193; 9129; 2384; 3418; 9065; 2784; 813; 8470; 8388; 6856; 7210; 5626; 649; 6563; 7556; 5223; 1954; 298
5718; 609; 8339; 1539; 7542; 5236; 9781; 7005; 1328; 9994; 5079; 1558; 8783; 3427; 579; 7767; 9663; 2821; 5334; 2579; 2577; 8101; 9986; 2331; 2899; 8890
5720; 5300; 8710; 2840; 8104; 1667; 408; 8132; 1440; 276; 2530; 1251; 8925; 6729; 8252; 7790; 3001
8666; 9609; 7566; 2841; 4780; 9380; 3; 9177; 6834; 407; 3775; 3993; 2566; 6583; 7329; 856; 6538; 9261; 2871; 9818
2715; 1848; 2596; 5896; 4646; 7511; 7442; 2233; 4194; 6671; 798; 3700; 5222; 7090; 827; 9202
9591; 6523; 7963; 8463; 3222; 3876; 2124; 6558; 2220; 581; 2839; 3766; 2969; 9333; 5316; 442
3794; 7454; 9743; 1095; 5188; 6811; 1884; 772; 7383; 8087; 2360; 3015; 7230; 6252; 2962; 1876; 6913
5731; 6472; 642; 3323; 2925; 944; 316; 9299; 1401; 4664; 5434; 3874; 3840; 8207; 382
7832; 7433; 3711; 5288; 4665; 1765; 2864; 6534; 2478; 6210; 5982; 8916; 7403; 7261; 6319; 9727; 1779; 5571; 7697; 7459; 1751; 2896; 2025
14; 1096; 6017; 3858; 716; 724; 1822; 8561; 8335; 5912; 2128; 2578; 9080
9088; 6183; 5925; 2019; 7488; 3788; 5069; 4894; 2153; 1515; 6406; 6830; 6552; 8597; 5286; 8589; 8110; 5389
8993; 2464; 9989; 7131; 5381; 1196; 3335; 6547; 1569; 9313; 1659; 1477; 3310; 3875; 5060; 6955; 3376
7086; 7985; 7202; 6258; 8096; 6998; 3730; 3188; 5251; 311; 9837; 2125; 8817; 2576; 5787
1393; 2367; 4375; 7965; 1308; 4151; 8918; 4394; 7137; 2131; 1288; 337; 5294; 1522; 7018; 9226; 6172; 8815
177; 3702; 7684; 9121; 2953; 6300; 8608; 9979; 1608; 9331; 132; 2593; 2852; 3381; 7823; 244; 5219; 2737; 6176
3151; 2398; 7041; 7359; 9610; 9841; 4051; 3305; 5470; 861; 1617; 692; 1179; 6064; 8092; 6772; 7986; 2833; 297; 4580
7829; 3400; 7222; 6922; 369; 74; 2356; 1983; 5084; 6276; 7127; 8504; 2372; 8557; 2104; 6661
7249; 8282; 1904; 7289; 9954; 6414; 3539; 6813; 6066; 6093; 2494; 8909; 7424; 485; 7227
3322; 8137; 8570; 327; 7062; 3927; 3241; 1135; 8367; 1493; 4781; 2214; 1775; 1194; 2811; 8591; 8209; 6817
1604; 823; 4221; 7704; 2678; 9511; 3255; 2479; 5431; 8124; 4446; 4871; 50; 4341
718; 1678; 5947; 1075; 4903; 2423; 5507; 4597; 1035; 8392; 1073; 9964; 9731; 3765; 4924; 8117; 850
5402; 9146; 1171; 8931; 1202; 3898; 4868; 4083; 3678; 8113; 8585; 4581; 9709; 7388; 7318; 5154; 3783; 6873; 2088
1704; 9044; 532; 1465; 3872; 605; 9209
8169; 1268; 9298; 5168; 3885; 7400; 8091
7317; 3949; 6654; 1330; 906; 1184; 8768; 1846; 7954; 588; 1042; 5390; 937; 1232; 3738; 2641; 7395; 6995; 9375; 5164; 5659; 7502; 3198
713; 9970; 8196; 2152; 3877; 9094; 3791; 9026; 2273; 3696; 3707; 3177; 7505; 4760; 5563; 8789; 7585; 8903; 332; 3826; 3520; 1826; 9232; 5469; 2187; 3862
3590; 4191; 6793; 7518; 8825; 4485; 5934; 1451; 10; 256; 8821; 6730; 6108; 493; 6999; 9682; 5227; 2622; 9548; 4014; 914; 4658; 5543; 7269
5312; 5960; 9808; 9508; 433; 7785; 4936; 4542; 2290; 2032; 2731; 819; 2100; 3900; 1500; 3287; 2529; 3161; 797; 3096
8336; 3928; 3940; 1314; 4909; 9070; 654; 8369; 395; 8813; 7369; 6915; 4307; 543; 7657; 2878; 8889; 4243; 6296; 7692; 355; 5078; 2120
1012; 3120; 2999; 2362; 8001; 7711; 6644; 9098; 5588; 4155; 1153; 4358; 7028; 2351; 7928; 1977; 5003; 537; 4384; 5446; 1457
3459; 2094; 4985; 8513; 9484; 5410; 4490; 1621; 8399; 9666; 2664; 9401; 1182; 268; 2752; 7996; 5436; 8784; 1389; 1013
4642; 2825; 1355; 6585; 5677; 882; 9075; 4462; 7481; 5923; 3850; 7861; 6418; 6609; 8779; 9825; 5379; 4021; 8549; 7687; 8387; 2337; 6084; 647; 1098; 2387
8464; 7632; 3827; 1889; 8718; 2532; 1312; 9002; 504; 6479; 7238; 4386; 1503; 3462; 6091; 6494; 5310; 9310; 7462; 3683
708; 7929; 2854; 2198; 9563; 6491; 6847; 5378; 562; 2465; 767; 4181; 1366; 1029; 3950; 2691; 2693; 4970; 6968; 431
5525; 3566; 6135; 4799; 5785; 8606; 8411; 5513; 4072; 4661; 7889; 6868; 1844; 2231; 2728; 4231
6743; 1271; 9595; 4220; 4935; 5140; 7669; 9350; 514; 2076; 3789; 5474; 2626; 3773; 4069; 6333; 4153; 1448; 615; 5395; 164; 4489; 7506; 1494; 8773; 5961
3599; 7857; 9605; 980; 447; 9388; 2183; 1383; 6420; 6537; 8980; 3642; 4715; 8386; 4890; 2075; 7197; 5999; 7784; 131; 9179; 4026
4731; 3412; 9067; 5017; 3451; 5833; 4204; 1380; 6507; 5945; 4300; 4559; 5475; 2156; 1338; 7135; 6886; 2381; 9621; 270; 8598; 6655
7713; 7992; 5693; 246; 8408; 4884; 596; 9473; 7844; 8048; 4965; 9807; 4516; 6571; 757; 7024; 4973; 1069; 4943; 3089
1705; 5810; 4332; 1746; 2898; 6448; 7406; 6445; 6063; 9228; 5498; 2061; 1439
5320; 9653; 9218; 4748; 7158; 2471; 6621; 5491; 3003; 7648; 7968; 7319; 330
9521; 6493; 1324; 6104; 8820; 2265; 41; 9848; 1887; 7640; 9320; 7205; 4761; 7920; 4250; 4311; 9458; 7310; 9211; 4361; 2823
1683; 4689; 3259; 6323; 4104; 7573; 4442; 1799; 6310; 4596; 8177; 5721; 9291; 8700; 2820; 8156; 1893; 7303; 6453; 2040; 3534; 2342
6162; 3501; 828; 2241; 4016; 6605; 8188; 9693; 983; 1857; 7926; 8372; 3472; 7939; 2637; 3761; 9812; 2924; 2918; 2169; 8410
7885; 5033; 778; 1994; 3476; 727; 8198; 7497; 7932; 9421; 970; 4778; 8719; 6859; 4951; 6464
4652; 4208; 9354; 6646; 1084; 5885; 5757; 3306; 2410; 2885; 1295; 6147; 1710; 6559; 6701; 4710
6122; 3930; 3098; 2553; 9757; 9571; 1226; 4957; 5019; 1868; 9833; 8045; 2931; 3919; 2078; 2539; 5285; 4054; 4836; 2194; 6777
7719; 7896; 8053; 3502; 9424; 8824; 4577; 6983; 6600; 4928; 8507; 8822; 5546
3470; 8924; 7486; 3546; 5427; 3891; 6486; 1064; 9901; 2514; 771
9526; 6940; 6840; 1626; 2623; 6475; 860; 6589; 8089; 1620; 8325; 4589; 9531; 3570; 1228; 144; 7050; 513; 7345
3871; 8803; 8612; 2368; 6100; 5450; 2165; 5561; 171; 459; 9251; 5016; 6505; 289
1711; 399; 4064; 1224; 8675; 3574; 9741; 1097; 1189; 9831; 6718; 2768; 5644; 1183; 2655; 8604; 1689
296; 6144; 2205; 3777; 8751; 576; 7854; 4906; 1150; 9784; 7434; 5556; 3099; 9873; 9953; 2783; 7100; 6393
4992; 2584; 3130; 4290; 9264; 1001; 6295; 7927; 406; 1816; 7957; 2034
646; 9281; 2252; 9944; 1434; 5806; 6345; 7412; 7625; 7105; 2903; 737; 7637; 9175; 2396; 8311; 858
5540; 5259; 5109; 6845; 2775; 44; 2361; 8787; 1845; 7551; 5502; 2077; 6667; 5796; 173; 9782; 1083; 7300; 3217
8273; 3671; 5625; 6866; 2671; 9802; 4; 48; 5567; 386; 949; 5618; 4130; 8723; 8876; 9687; 6180; 3657; 7588
7014; 3984; 8114; 5052; 5176; 6257; 363; 5595; 7999; 1577; 7541; 283; 9615; 8014; 3141; 6580; 9779; 4260; 7020; 5022
3621; 2225; 4602; 430; 8691; 2649; 1276; 8544; 1464; 5037; 1817; 1936; 1255; 9991; 9951; 2685
7016; 8436; 8082; 2324; 3137; 1174; 6372; 3440; 9138; 8562; 682; 367; 5086
4750; 6499; 545; 5650; 7959; 1108; 3652; 7912; 6303; 5059; 3646; 5206; 6925; 2417; 5575; 9504; 9000; 957; 9803; 2766
5002; 1807; 4718; 8049; 6575; 8397; 9988; 9719; 1195; 1455; 5044; 9132; 7095; 184; 6211; 4166; 3156; 777; 8936; 7431
9357; 8279; 1495; 4530; 8501; 1520; 7265; 9879; 3837; 3915; 333
5089; 3446; 4374; 6808; 8171; 2173; 8547; 221; 7807; 1368; 8705; 5582
5090; 3679; 5441; 4024; 5258; 9334; 2759; 6040; 2935; 9894; 2303; 2697; 2708
8492; 1206; 2536; 4792; 9193; 7846; 6774; 6737; 2956; 3663; 1387; 7170; 9943; 87; 5463; 6533; 9809; 3580; 3011
5515; 8884; 668; 8172; 4862; 9438; 6714; 969; 6031; 4028; 1757; 9160; 7572
4571; 9791; 1146; 7828; 9437; 1222; 976; 3157; 3529; 1320; 2951; 4706; 8534; 4114
4535; 2831; 4818; 2119; 7527; 4775; 4635; 540; 1267; 9205; 2875; 1190; 3951; 2855; 7969
5443; 4494; 2027; 9590; 8968; 2922; 3214; 7478; 6407; 4505; 6229
8227; 3889; 1416; 6461; 4569; 2280; 2269; 2676; 2476; 1974; 9735; 2267; 1883; 9377; 1892; 1017; 8703; 881; 314
5144; 3435; 8707; 220; 3333; 3594; 938; 2295; 2219; 7815; 3094; 9402; 1542; 8727; 7006; 2272; 765; 6632; 5283; 258
39; 2149; 140; 854; 2093; 1089; 2060; 1902; 4925; 488; 3135; 2232; 4071; 8551; 3036; 5656; 4891; 5306; 7229; 5104; 9090; 7023
5985; 1063; 7514; 4723; 6812; 6398; 4539; 4963; 9810; 129; 2590; 4952; 8415; 9395; 8807; 9714; 1997; 9893; 8247
9051; 7011; 8458; 7491; 9933; 6161; 744; 5935; 6304; 6888; 7624; 481; 2257; 5329; 3541; 1835; 6044; 8759; 5195; 853; 5983
6364; 101; 9662; 8063; 2711; 5578; 6419; 3587; 3434; 1297; 4853; 4968; 9932; 3460; 8008; 8334; 5610; 1861; 8643; 2558
7078; 6002; 6835; 1246; 3232; 1772; 866; 8080; 2336; 9131; 8879; 995; 5500; 6731; 6698; 4849; 3410; 8583; 4754; 3942; 371; 9753; 956; 5153
6198; 2486; 2411; 1318; 4480; 6318; 4012; 2179; 2597; 5511; 8541; 7742; 3754; 7825; 3043; 8613; 9930
7627; 2255; 234; 8389; 1786; 8870; 9875; 7513; 8314; 6665; 848; 7546; 2837; 8210; 6767; 8236
3866; 3063; 6587; 2586; 441; 3515; 4299; 8569; 2544; 9143; 1482; 9592; 6074; 587; 9579; 8450; 7851
7629; 2409; 9760; 4832; 9297; 3818; 9904; 7769; 8537; 4263; 7933; 7298; 5272; 4777; 2311
4911; 9072; 8184; 4562; 1444; 2439; 282; 1334; 8920; 9289
3768; 9114; 4140; 4455; 3800
4610; 8121; 5369; 2652; 3952; 2292; 6006; 8852; 4869; 6171; 1351; 6784; 3083; 9668; 4456; 7751; 8623
6152; 1748; 4679; 5018; 2629; 4073; 2029; 999; 9449; 9556; 214; 199; 2941; 2051; 5437; 9883
837; 6872; 2617; 4857; 1002; 6841; 568; 454; 9306; 1823; 4709; 4984; 2568; 8745; 6424; 4431; 4885; 5733; 6649; 2988; 3103; 9128; 629; 9834; 5255
1007; 4727; 1317; 4086; 2665; 2056; 9142; 7865; 9466; 3486; 5834; 7038; 189; 6664; 1105; 4812; 804; 2725; 870; 4015; 7033; 3902; 1117; 4548; 2882; 7792; 9634
6155; 2066; 7480; 5083; 6328; 7590; 8760; 1452; 4631; 9665; 6344; 5839; 2446; 5394; 5465; 893; 4499; 5917; 2996; 1382; 8023; 8123; 8949
1720; 2567; 6633; 1238; 8356; 5211; 6182; 9265; 4886; 6125; 92; 1559; 5; 1137; 9552; 1975; 9659; 6484; 8752
5065; 525; 10001; 7288; 3206; 5256; 3727; 3075; 7272; 4396; 6150; 478; 6982; 352; 9502; 9849; 6369; 3785; 6294; 3547; 5877; 6487
6115; 1237; 8753; 7031; 6429; 9096; 6690; 4717; 4823; 5560; 560; 4682; 5585; 4080; 1091
7879; 5691; 2516; 8259; 8526; 3033; 7597; 8224; 4441; 6249; 8828; 8660; 5049; 3899; 5418; 946; 7605; 7802
7040; 2915; 9917; 7299; 2673; 990; 4552; 4815; 8776; 2943; 3321; 2171; 3088; 2853; 1552; 7107; 7223; 2033; 1943; 9440; 5432; 2499
6747; 639; 3362; 9125; 6386; 9379; 6170; 1169; 8942; 36; 6761; 6224; 192; 6143; 2551
4732; 4860; 6802; 7365; 67; 6707; 3833; 8060; 77; 1481; 5971; 452; 4565; 1282; 8175; 5028; 1243; 6007; 7327; 8645; 3618; 3468
95; 7198; 7570; 3090; 9613; 3698; 751; 2582; 8996; 2654; 2507; 1652; 4615; 4880; 58; 9045; 2474; 3524; 1339
4667; 5420; 2894; 81; 8288; 6482; 3506; 3934; 6141; 4099; 2459; 9237; 7772; 6011; 9973; 1004; 7162; 8872; 9413
2614; 5291; 7283; 1944; 5884; 1610; 5129; 3218; 8818; 4465; 62; 5010; 3067; 1044; 6910; 8021
2600; 2103; 8290; 2966; 9441; 1643; 1993; 1526; 6260; 5113; 4279; 9422; 444; 6637; 5280
7743; 8449; 5026; 7391; 7398; 347; 7474; 2690; 820; 9764; 8670; 1471; 3918; 7077; 1533; 5605; 818; 8559
3227; 3068; 3772; 6890; 2535; 372; 5807; 6579; 912; 7396; 7093; 4211; 7262; 6314; 1668; 5382
4566; 8587; 1118; 6794; 3723; 2210; 9738; 887; 6436; 3293; 552; 5355; 8823; 8826; 3260; 9403; 6939; 8055; 380; 4141
9768; 3122
4177; 8019; 6332; 4287; 7783; 1364; 9907; 597; 2569; 9763; 8430; 7876; 5462; 3943; 1326; 8945; 3140; 5315; 1841; 2802
8462; 2983; 1966; 3283; 5554; 3251; 3635; 8614; 9025; 3983; 622; 672; 9420; 5737; 5075; 3622; 4161; 6602; 4621; 5196; 9404; 240; 6902
1008; 3479; 6089; 7385; 9287; 2341; 9568; 9158; 8995; 3200; 4048; 376; 8393; 1855; 2630; 6221; 236; 8962; 650
3589; 2496; 4663; 9409; 2729; 9294; 5041; 5862; 9256; 9940; 3659; 9483; 7554; 1513; 8326; 4699; 4546; 422; 1740; 5986; 5744; 7537
9382; 8893; 2764; 1728; 5748; 4359; 9301; 7274; 8174; 6338; 598; 6361; 9095; 2800; 788; 4941; 6592; 7399; 6324; 9082; 9151; 5146; 8350; 4506
2588; 69; 2010; 9277; 4608; 7776; 1103; 5175; 6148; 8262; 7250; 5627; 420; 7196; 5388; 8264; 2695; 125; 3633; 5342; 5408; 5763; 2079
3024; 8850; 3281; 473; 9588; 5805; 4996; 3540; 7056; 1647; 4583; 6950; 1234; 3664; 740; 5215; 9147; 1909; 5062; 2633
5735; 7950; 1212; 1290; 1879; 5330; 5808; 4258; 941; 9149; 2537; 8360; 7203; 3535; 7290; 7822; 696
658; 5264; 5809; 487; 8056; 6139; 8155; 2434; 368; 7487; 657; 7152; 3369; 1778; 3334; 2795
1680; 7835; 5387; 9208; 6230; 6791; 8722; 4974; 4893; 2448; 3059; 8354; 1576; 7793; 6804; 4123; 4599; 6427; 2743; 9534; 3706; 4961; 5573; 8840
4434; 2968; 1530; 1081; 66; 7477; 5948; 9657; 247; 5099; 5699; 1442; 5997; 7380; 5861; 1750; 6700; 7097; 8477
5064; 6241; 7276; 6679; 6735; 3595; 2406; 5994; 3538; 1832; 5824; 3173; 6458; 2531; 1948; 2746; 7853; 1511; 4018; 128; 4762
8130; 4110; 5996; 1375; 8418; 9565; 5684; 4007; 3454; 5943; 4127; 7850; 1733; 636; 8538; 143; 7258
3027; 4821; 3138; 2599; 4137; 6253; 5675; 5760; 6454; 9785; 7509; 9047; 6416; 3345; 7323; 6207; 4098; 7548; 7778; 3172; 8308; 2790; 5713; 6054; 4483; 172
8466; 9644; 3057; 8658; 8375; 8182; 1218; 7942; 3612; 6528; 1458; 149; 4574; 8861; 2703; 7452; 1525; 4356; 1072; 1553; 8400; 7378; 869
707; 6428; 1521; 5508; 7108; 7094; 2477; 6938; 9762; 5792; 2334; 7021; 703; 9928; 7515
1685; 6506; 7987; 7755; 7620; 1843; 4111; 5054; 5046; 8098; 1666; 3821; 8383; 7032; 9966; 2561; 3804; 8195; 147; 7485; 669; 3370; 5484; 1149; 6514; 9759; 2049; 4109
1009; 829; 7171; 250; 200; 8635; 8517; 2798; 4622; 1743; 911; 9016; 8979; 6965; 747; 5191; 6097; 2947; 165; 5156; 7350; 7058
6745; 7786; 9801; 521; 602; 2541; 4612; 7472; 5555; 2991; 1699; 8343; 7138; 392; 458; 9672; 3375; 3988; 2022
8131; 23; 3523; 874; 2809; 7843; 3937; 8278; 1100; 216; 5714; 4675; 3740; 2178; 6709; 1147; 3583; 6298; 55; 2015
304; 2354; 3672; 4401; 3803; 4541; 2455; 1804; 1856; 5768; 4923; 9475; 3121; 281; 2244; 6471
842; 8509; 4752; 3302; 5358; 9496; 6235; 8860; 5908; 8265; 2707; 1969; 7419; 1628; 8405; 6492; 456; 2301
3464; 8475; 7601; 2845; 7401; 4102; 5122; 3936; 5247; 4563; 4534; 1130; 8567; 6611; 3061; 5869; 5141; 3971; 8448; 204
3976; 8552; 4553; 4545; 8926; 2884; 8239; 9614; 5225; 9874; 4241; 3297; 6739; 1025; 9758; 8694; 9832; 8862
6750; 3847; 7814; 8532; 1456; 279; 5025; 7; 2203; 7864; 2309; 8611; 2333; 4491; 5941; 8922; 4415
652; 3631; 6733; 8451; 3250; 4229; 5409; 2710; 7630; 8641; 9341; 8365; 7441; 8271; 9733; 9245; 8217; 5185
5743; 4889; 1392; 5870; 6924; 1616; 3786; 4920; 8520; 2785; 9749; 8657; 9870; 5171; 8017; 9899; 7720; 3588; 612; 8712
6163; 9071; 6076; 4198; 4784; 2721; 7475; 899; 215; 8688; 2808; 5930; 5516; 2004; 8934; 1163; 3060; 7855; 5214; 5496; 1731; 1249
8263; 2975; 7492; 259; 985; 1523; 9029; 7047; 6382; 954; 1991; 738; 1076; 8147; 4958; 1912; 5242; 9453; 5106; 8929; 1597; 9271
6164; 6617; 6217; 8072; 8594; 6683; 5124; 2286; 8693; 2191; 9902; 2914; 9585; 3708; 3291
75; 7921; 9539; 3301; 3859; 4895; 6727; 3492; 8395; 6836; 4303; 4362; 6088; 4848; 6710; 6166; 7285; 1241; 4521; 3095
5541; 7146; 5298; 6092; 6432; 768; 3987; 5859; 7333; 3204; 9084; 2043; 4606; 6603; 9752; 8173; 892; 4999; 7805; 7071; 1767; 1760
7726; 70; 6786; 8662; 7731; 229; 1065; 6594; 4047; 4473; 5676; 7789; 56; 998; 4873
1020; 3286; 3660; 8868; 5786; 4325; 9429; 2976; 564; 4525; 9975; 2143; 4745; 6195; 5756; 3201; 7655; 4714
3961; 4813; 7254; 6800; 4630; 8663; 4164; 1734; 3443; 1310; 2359; 4819; 2357; 2527; 8572; 8075
9540; 5938; 2609; 9842; 3368; 1032; 1739; 5039; 7904; 7568; 7781; 9765; 290; 569
1037; 8034; 1266; 6610; 3318; 4719; 4471; 115; 7030; 3493; 9010; 1461; 3841; 8574; 9789; 3343
9348; 3636; 5413; 6312; 4939; 1436; 5624
6779; 167; 7582; 1573; 9971; 4179; 1349; 4350; 9797; 6194; 7837; 1897; 54; 6852; 7320; 993; 9798; 4216; 5584; 9452; 9945; 4406; 8880
8502; 3843; 1504; 8295; 9576; 385; 9462; 3560; 6441; 9436; 8212; 7997; 9028; 8379; 6819
1104; 6556; 6208; 362; 2679; 9888; 4116; 2657; 4213; 3845; 9303; 4633; 162; 4766; 1497; 8560; 175; 9509; 2491
6717; 8461; 1869; 8243; 679; 2211; 233; 1129; 1173; 9923; 3256; 2781; 9697; 3066; 2745; 6222; 984; 3836; 9162; 1433; 9243; 1644; 5132
6460; 4227; 5212; 9396; 3146; 4188; 8955; 2772; 3171; 5670; 7195
1254; 9415; 7109
895; 5549; 4701; 6989; 1669; 9705; 6236; 7750; 7427; 4058; 3182; 8258; 5102; 6153; 5998; 5916; 280; 7461; 8115; 5304; 5666; 6724
3125; 8286; 2136; 1567; 7910; 7560; 9097; 3613; 4878; 4671; 5302; 2705; 4306; 6641; 6660; 9580; 7849; 7191; 516; 1449; 8347; 2472; 1517; 4697
5984; 9981; 7507; 9280; 2264; 61; 7000; 4922; 2017; 8985; 6085; 3742; 7259; 6566; 4680; 7440; 3923; 5492; 3149; 4331; 7973; 5849; 9679
7076; 1260; 1409; 7494; 263; 7099; 9001; 6900; 9891; 5843; 883; 4616; 2636; 4202; 9439; 4725; 750; 3838; 1629; 9931
7664; 6601; 7043; 9126; 3969; 2151; 4205; 8193; 2306; 7659; 6495; 7873; 1070; 8975; 1955; 9717; 1093; 7069; 5751; 7765; 7709; 3367
1679; 683; 4825; 6799; 3038; 6985; 3429; 1782; 109; 6430; 7998; 3578; 9670; 3114; 3810; 1545; 2140; 8543; 2994; 7946; 8216; 9472; 6219; 4349; 8299; 8211; 5944
3328; 3352; 7338; 4392; 2221; 9706; 7722; 3432; 555; 4814; 7668; 7420; 8027; 5001; 4147; 8026; 2251; 4133; 8573; 335
170; 370; 1391; 4585; 8767; 1584; 4422; 4163; 5957; 2668; 6438; 834; 9990; 5747; 3034; 9068; 4365; 2545; 8536; 4407
2418; 7367; 5489; 6009; 593; 3240; 1051; 8352; 2846; 9024; 8866; 6933; 8062; 9505; 4251; 4271; 8417; 8485; 6889; 7728; 8845; 2900; 3945; 793; 9486; 9631; 603
4433; 8281; 403; 1056; 3585; 3351; 5629; 6356; 1211; 9635; 1446; 948; 4410; 3839; 4152; 5880; 159
634; 4991; 7184; 6634; 7147; 507; 5464; 2399; 1258; 8078; 2960; 6892; 3744; 9582; 5765; 4824; 2400; 1913; 9378; 5746; 3598
9815; 4355; 9617; 6907; 897; 6943; 1690; 1637; 5902; 7445; 5593; 353; 4160; 5711; 6347
8785; 6763; 1596; 5845; 2053
9340; 9092; 7373; 7408; 9373; 4740; 3712; 7892; 9284; 8546; 981; 5076; 7971; 8947; 4466; 6880; 5576; 8215; 2498; 3150; 8659; 986; 5534; 3606
4430; 648; 1630; 7820; 9262; 5429; 2138; 8595; 1484; 1972; 5762; 4237; 6413; 951; 9920; 6639; 5401; 7672; 6425; 4244; 4346; 4787; 4707; 2447; 1085; 1480; 9586; 5073; 7834; 7305
7875; 6033; 338; 1233; 5521; 27; 498; 9060; 6501; 4185; 9058; 2347; 9112; 4949; 1646; 2749; 8424
489; 2742; 114; 8511; 7354; 2814; 9253; 7862; 7587; 6557; 4280; 8435; 8838; 5784; 8070; 3573; 806; 939; 2316; 8142
6744; 1321; 4075; 8638; 7808; 3480; 1651; 7788; 9337; 6545; 825; 4693; 5632; 5531; 9174; 3600; 7626; 93; 8180; 7622
3975; 4275; 3106; 2806; 8028; 7650; 9165; 952; 9934; 4829; 6381; 8422; 3530; 1047; 4395; 409; 1780; 3554; 9628; 2639; 1131
841; 2234; 3556; 6988; 1156; 3521; 3603; 9587; 6119; 3065; 1578; 4624; 5480; 288; 1078; 8596; 9223; 929; 2441; 1427; 6000; 6699; 2285; 3514; 9307; 5000
6159; 1036; 1259; 3208; 1828; 5616; 8841; 2973; 3960; 8316; 2571; 4134; 1062; 9148; 1990; 6035; 2321; 3213; 7270; 7955; 2315
6160; 4084; 8875; 5240; 676; 4834; 5583; 438; 5958; 9886; 4620; 6657; 590; 1982; 4554; 9166; 9430; 8059; 5343; 594; 418
4439; 9491; 979; 8535; 1853; 6101; 811; 4091; 547; 7852; 1066; 1719; 3995; 1865; 413; 3349; 4038; 9493; 9293; 9696; 3132
1688; 734; 9748; 8119; 549; 8099; 4027; 9948; 4262; 5922; 8440; 1402; 7721; 4962; 6720; 4143; 2670; 7013
3970; 7552; 2860; 4867; 1160; 9474; 7389; 2217; 3801; 9489; 1627; 89; 7683; 3082; 5707; 383; 6140; 461
1721; 7613; 334; 4037; 8009; 9136; 8626; 4993; 7112; 6468; 6301; 4898; 6053; 6881; 3113; 1102; 4934; 5421; 3897; 9704; 3170
510; 4933; 9235; 1980; 4721; 1486; 2716; 2819; 8782; 9869; 9877; 2923; 5011; 627; 4288; 9207; 9766; 3320; 5662; 4291
1725; 197; 1378; 9343; 6599; 1478; 6008; 8030; 2137; 5098; 113; 9078; 7966; 245; 5080; 33; 1426; 3403; 9691
8483; 5668; 6673; 1612; 4239; 915; 9056; 1583; 7183; 8726; 1217; 1745; 3762; 5803; 1916
1697; 5946; 5392; 7199; 1445; 6921; 6663; 3720; 6630; 5203; 4336; 3586; 8528; 7766; 1043; 5939; 2389; 2358; 6591
7057; 3669; 5509; 6901; 2493; 4783; 4509; 7429; 4492; 8843; 6695; 6689; 2770; 7119; 3275; 2930; 8385; 1090
9115; 415; 2344; 7136; 2836; 8655; 4504; 351; 8991; 3252; 1554; 8904; 9844; 5362; 4839; 9701; 918; 7810; 9296; 1660; 2525; 6903
3558; 812; 3704; 7392; 7990; 9398; 7689; 1546; 1421; 1502; 8750; 6019; 3675; 3304; 4708; 831
211; 5968; 7428; 1399; 3420; 4926
6931; 4595; 5416; 3269; 8192; 4059; 3935; 7749; 2161; 1564; 5246; 9019; 7175; 4157; 6555; 8095; 2827; 2458; 4681; 9638; 5524; 5263
7874; 5517; 5183; 8010; 3438; 5430; 9161; 4959; 4035; 7060; 2856; 566; 3029; 9244; 5698; 4899; 8740
3967; 8960; 991; 9856; 7176; 5909; 4716; 7188; 8178; 1941; 6373; 183; 7390; 3627; 8035; 6049; 8910; 299; 3425; 5547; 1581; 4472; 7463; 6412; 6442; 8997
5145; 4816; 4683; 2039; 9221; 3511; 1348; 88; 7500; 643; 6112; 8665; 9431; 6075; 1080; 4838; 7991; 814; 1124; 8310
515; 8755; 1744; 5201; 4046; 1809; 2006; 3364; 3290; 4088; 2021; 705; 8251; 2533; 3142; 5499; 7151; 6073; 3605; 435; 266; 455
3989; 402; 9564; 4601; 8219; 2901; 2763; 556; 800; 2554; 9085; 7594; 5004; 3168; 868; 3115; 1959; 2628; 9795; 2738; 2876; 6078
4644; 1925; 2222; 9575; 9558; 8545; 1107; 1306; 4882; 6313; 7236; 4691; 3341; 4741; 453; 9648; 5276; 2669; 4219
1010; 7233; 9319; 1694; 9399; 8482; 2984; 6288; 3020; 2144; 6990; 3947; 5295; 4669; 346; 4844; 3030; 7306; 5635; 8161; 2271; 3992; 3058; 2086
8467; 9545; 8882; 2801; 8153; 5479; 1674; 9683; 3998; 6624; 2206; 6962; 1590; 1929; 1115; 1827; 4115; 4702; 8950; 8012
1716; 6167; 8864; 1068; 7543; 7826; 404; 3719; 8982; 4174; 5361; 7402; 7913; 1700; 3386; 1082; 4067; 2926; 4097; 5647; 9008; 7557; 321; 5723
8471; 3331; 9906; 6336; 1358; 2338; 2254; 8885; 3230; 2528; 5279; 1015; 4036; 5081; 209; 9156; 1127; 6451; 8390; 1938; 743
3886; 3776; 2067; 5609; 8616; 2949; 8891; 9482; 5594; 805; 2139; 7374; 1924; 2378; 6797; 4656; 877; 6832; 7902
8478; 4382; 8378; 8380; 7940; 4079; 694; 5973; 2615; 7053; 1755; 2141; 5309; 4773; 6437; 1245; 8420
6128; 1079; 534; 8079; 3579; 103; 9881; 5965; 497; 1164; 1588; 6343; 9400; 2451
9544; 625; 5661; 6623; 701; 6536; 9213; 3905; 4678; 7358; 6521; 4945
3888; 6309; 3616; 865; 6781; 9884; 6703; 9984; 7757; 613; 2648; 922; 6083; 2559; 4560; 2651; 9566
4273; 145; 2816; 2190; 8724; 6920; 8244; 2937; 1781; 6564; 7948; 2370; 8558; 9185
3257; 950; 535; 2946; 2007; 4598; 9076; 7098; 7559; 8808; 2851; 3933; 8706; 9222; 8303
8148; 3385; 9081; 1998; 3238; 795; 8615; 8083; 1712; 3110; 7251; 9442; 1895; 4796; 9368; 6380; 9667; 1483; 3428; 4178; 5336; 9826; 816; 9355; 6483; 1413
903; 6057; 465; 9633; 626; 260; 1473; 4265; 3032; 691; 1548; 4228; 7404; 7244; 2297; 2054; 5262; 9569; 3685
2453; 6704; 4501; 2674; 63; 2908; 5589; 7448; 2064; 4488; 4964; 4561; 6842; 2031; 1508; 704; 4908; 5667; 5261; 7907
6278; 6034; 4182; 3907; 8213; 5817; 8780; 5683; 2127; 7228; 3878; 5338; 9838; 962; 1676; 3655; 9276; 8370; 2405; 5897
9806; 4755; 8911; 8376; 7673; 8427; 6359; 7561; 9584; 8183; 7951; 6358; 1631; 9032; 3581; 9520; 3602; 401; 3225; 9300; 8102; 1061; 4770
770; 8416; 3910; 5905; 3999; 3035; 9457; 3779; 9046; 5035; 3820; 4352; 8656; 763; 4863; 360; 3340; 9542; 9434; 4416; 9463; 7782; 2239
3963; 4522; 2150; 4981; 6987; 6769; 8453; 8728; 3019; 8836; 6726; 974; 4913; 6973; 7422; 2114; 9819; 5412
5482; 5347; 6227; 908; 8241; 5701; 3372; 479; 4805; 1693; 9137; 2332; 4795; 2058; 6411; 8289; 9358; 7745; 7116
5776; 8521; 5209; 1547; 4340; 5936; 821; 9460; 2403; 2942; 9675; 303
5442; 6240; 3911; 6711; 4183; 8871; 2893; 7949; 3924; 9804; 8329; 9995; 8116
9978; 2388; 8345; 5614; 5749; 6316; 9443; 5782; 8529; 3109; 7438; 8294; 933; 3731; 7732; 8058; 932; 3181; 4811
9055; 7924; 4411; 9236; 7189; 7716; 6434; 8632; 6604; 9416; 4448; 9814; 343; 7579; 4940; 5529
7208; 396; 6984; 7564; 1000; 7312; 3682; 6080; 6216; 9598; 2534; 9480; 4328; 4593; 9393; 8902
3399; 5854; 1769; 2189; 557; 3244; 1114; 7909; 3564; 656; 2605; 3074; 457; 3371; 7593; 3423; 9344; 7117; 2638; 785; 5162; 4782; 9468; 1985
4902; 6969; 5673; 1110; 8160; 8756; 73; 5375; 8725; 5038; 463; 4905; 4235; 9353; 2258; 3796
7142; 344; 2116; 4944; 3512
7724; 5328; 9767; 47; 9469; 4486; 5727; 6615; 5356; 7839; 3525; 1207; 5837; 5910; 653; 9219; 2998; 7900; 1280; 1223; 7886; 2850; 5932; 5063; 8296
5732; 7953; 2146; 8283; 3904; 567; 2838; 486; 8837; 8112; 586; 5333; 742; 8586; 8721; 8404; 7324; 5202
6110; 3957; 5399; 7010; 9998; 6038; 783; 7348; 8696; 1370; 8138; 1166; 7821; 5344; 1560; 6204; 3722; 1354; 9629; 3557; 7187; 8447; 1176; 2965; 2038; 3475
496; 9322; 4385; 1407; 2416; 6165; 967; 7063; 9201; 1289; 9955; 1120; 2718; 4077
3023; 9750; 3667; 830; 8669; 2756; 6306; 7209; 9154; 9488; 9309; 7535; 7172; 9745; 8607; 3808; 7532; 6335; 2970; 151; 1341
3458; 9678; 5637; 8500; 6795; 4576; 1550; 2327; 9220; 4797; 3167; 6527; 508; 9897; 6770; 9230; 3892; 8194; 6202; 291
3863; 6022; 3064; 1882; 91; 3674; 2082; 7432; 3542; 7104; 2209; 3741; 3282; 9581; 6532; 7085; 2842; 1836; 3054; 7891; 2089
5061; 2256; 2013; 8625; 378; 6087; 5158; 7737; 9278; 3221; 2995; 4319; 287; 4180; 6138; 8371; 689; 6415
6741; 5161; 3008; 5889; 377; 9159; 2349; 6131; 2227; 5503; 5487; 9079; 156; 8531; 8312; 1460; 1474; 4865; 313; 6810; 4477; 3854; 8090; 6116; 7533
8253; 690; 218; 2879; 7181; 6421; 7638; 237; 4049; 4321; 8917; 5190; 1315; 2200; 242; 5494; 6346; 6919; 1304
9385; 6530; 5827; 2243; 8992; 1428; 3639; 6504; 5024; 8948; 9066; 1197; 2606; 3176
8374; 6510; 2869; 4883; 7871; 9063; 2196; 4186; 745; 4390; 3461; 6754; 2873; 9383; 7643; 9392; 5322; 3968; 7897
840; 9464; 2793; 2787; 9710; 2307; 3755; 6608; 5754; 3666; 3513; 471; 4158; 4032; 4405; 3300; 4334; 7642; 2592; 5340; 9435; 1715
4643; 5138; 7841; 606; 6967; 4910; 7215; 5228; 4771; 3387; 1088; 8322; 5553; 9530; 2182; 3873; 992; 685; 6239
1713; 9622; 4956; 117; 6173; 6191; 8431; 4720; 5155; 8164; 2346; 4852; 2521; 2929; 5818; 2466; 524; 2886; 8344; 769; 219; 1873; 809; 6876; 2754; 7941; 753; 6848
512; 7204; 3183; 5468; 3559; 3216; 7756; 9850; 8317; 3673; 8848; 1198; 8201; 3813; 1092; 57; 8434; 9406; 9062; 2186; 5655; 4074; 1707; 3829
5148; 12; 2921; 3483; 2992; 7780; 2201; 5331; 361; 997; 6820; 6462; 6352; 9259
295; 8038; 6334; 1420; 3039; 9751; 4224; 8047; 1633; 1752; 9522; 8684; 331; 317; 7872; 8676; 9397
6997; 9770; 9030; 2549; 5832; 3527; 6020; 1425; 7744; 8998; 1894; 8762; 6516; 5724; 6561; 1327; 4469; 3799; 4937; 762
5528; 6573; 7026; 3457; 5252; 1970; 2246; 2105; 9411; 2797; 2964; 518; 9048
8342; 7129; 4281; 5126; 4989; 7908; 9858; 9005; 7583; 9217; 2181; 4650; 9729; 9774; 8678; 2624; 8634; 5995; 6576; 6281
7881; 6341; 6775; 7888; 1607; 4317; 3361; 3954; 6911; 1703; 4093; 5370; 3650; 6264; 9961; 3159; 5685; 9407; 9356; 755; 6349
7715; 1133; 7260; 6912; 9018; 90; 7397; 6778; 6307; 1322; 8711; 8064; 7935; 8699; 7248; 7870; 7555; 440; 8790; 5077; 1698; 2289
4986; 693; 2640; 6069; 1067; 8189; 6203; 4496; 4033; 1111; 7596; 3691; 9730; 8896; 7501; 1466; 3126; 7386; 482; 1429; 4803; 8364; 4609; 336; 4443; 2044; 2702
472; 3474; 4603; 2461; 2475; 97; 2634; 6376; 764; 499; 3463; 2199; 8952; 2608; 698; 4532; 2662; 2740
7044; 6284; 4381; 1541; 9992; 6875; 2666; 7510; 7777; 6650; 3430; 3842; 575; 571; 7149; 1132; 2563
6751; 3597; 2955; 8990; 9316; 2314; 9611; 4426; 2518; 4023; 3724; 7012; 3045; 641; 4921
4988; 9241; 6916; 8799; 4948; 7150; 3042; 8235; 4847; 4527; 3415; 9857; 2557; 4215; 8459; 6320; 8442
8139; 3507; 8555; 577; 924; 2950; 4042; 978; 1240; 2319; 7275; 37; 4005; 2487; 3701; 9248; 1459; 9105
844; 6846; 9086; 9203; 4856; 2961; 9410; 2326; 6231; 2226; 8564; 9993; 7984; 1756; 1213; 8152; 9898
5537; 8069; 3383; 3996; 483; 9796; 8245; 8763; 3017; 2601; 2170; 2484; 1549; 6357; 4919; 3552; 2188; 6142; 2485; 9021; 1469; 5801; 7418
1723; 4168; 9312; 9756; 182; 4696; 5892; 4614; 257; 5613; 4120; 784; 2782; 2274; 3210; 2835; 3703; 7869; 6622
6756; 6251; 8318; 4877; 4139; 6560; 1417; 9196; 1293; 917; 9632; 2911; 5722; 4841; 8320
8479; 5234; 2774; 9927; 2890; 1509; 8855; 2492; 921; 5771; 3680; 1231; 3136; 254; 1052; 6297; 6090; 5486; 7451
9369; 491; 3997; 1634; 8766; 9554; 7360; 4822; 7081; 4753; 3697; 1808; 3793; 9346; 5284; 8394; 5755; 5835; 5606; 4526; 3849; 968; 8191
9529; 5299; 9963; 4953; 2727; 6688; 6146; 975; 4308; 9239; 3734; 9942; 9916; 2047; 1891; 3896; 8865; 4113; 3737; 3562
8480; 2677; 6363; 4400; 4233; 1283; 3384; 9640; 5680; 7457; 5766; 6351; 3325; 5867; 8280; 7979; 7599; 3014
3867; 7293; 4533; 3881; 1593; 9122; 3277; 4408; 7346; 1299; 4323; 7371; 1435; 7484; 8631; 2683
836; 2939; 7944; 7799; 8829; 7065; 5117; 878; 6149; 1286; 5890; 2414; 3746; 2373; 7465
1027; 3931; 5451; 5006; 1485; 6899; 5831; 7029; 1490; 1915; 5920; 3653; 5915; 7115; 1343; 5899; 4312; 134; 6367; 5398; 8398
76; 7460; 7343; 2642; 5180; 2562; 9465; 2897; 779; 3274; 4206; 5977; 5237; 7603; 1278; 1534; 1462
722; 5093; 7217; 5893; 1003; 6853; 6292; 7906; 9624; 6311; 8827; 3078; 1300; 2761; 3193
4746; 1557; 6440; 1269; 2282; 7787; 112; 2870; 7074; 8937; 3077; 8714; 9194; 5612; 1934; 7945; 3756; 1489; 7316; 2986; 7639
8149; 5372; 2892; 5695; 9780; 9110; 8300; 8735; 9263; 2681; 8628; 8068; 2906; 1729; 7747; 5058; 7623; 2345; 154
6134; 6371; 2330; 6467; 792; 725; 9304; 9950; 4132; 7084; 1496; 6004; 4159
7730; 3413; 619; 2018; 4055; 3165; 9607; 6648; 8050; 5620; 6273; 4551; 6275; 5907; 6435; 8163; 4175; 3378; 9433; 1796; 1551
9537; 4950; 4788; 2887; 9091; 4809; 6196; 3981; 2172; 1594; 5725; 7464; 8315; 6072; 4413
8490; 4292; 348; 7768; 5032; 86; 9900; 1949; 9939; 2159; 9830; 4540; 6350; 1384; 6388
7064; 111; 7489; 9225; 9599; 8654; 3116; 6898; 8248; 6936; 2512; 6061; 2212; 2308
1737; 9742; 4367; 9728; 5477; 2224; 320; 3792; 1753
1709; 2375; 7169; 1141; 3584; 1885; 1923; 3662; 4774; 5449; 20; 3426; 7595; 2215; 4255; 8076
8291; 4497; 1454; 8237; 1852; 608; 2176; 6068
4764; 2694; 1216; 7677; 9210; 9890; 8786; 3248; 6524
8503; 3285; 3815; 9864; 7531; 6948; 6958; 6280; 5115; 6628; 1165; 5779; 2660; 6705
4277; 5688; 2978; 8888; 4003; 7206; 6329; 8120; 4247; 2380; 5377; 6651; 6917; 1335; 3822; 6463
7833; 8441; 9495; 4117; 2207; 6392; 5814; 758; 1979; 9922; 8032; 5224; 4070; 8938; 896; 736; 8250
13; 7952; 3076; 9855; 927; 3169; 5840; 4425; 1230; 7296; 191; 4520; 8384
1319; 5396; 1602; 666; 6879; 8932; 1229; 4846; 6572; 3739; 2733
2834; 928; 9626; 2283; 8738; 6963; 9459; 2126; 5660; 4169; 1250; 7577; 1819; 264; 5290; 1839
8941; 6647; 5820; 5454; 8406; 4378; 7144; 2720; 1244; 9755; 8423; 3308; 6837; 7536; 7247; 2804
8456; 5207; 7524; 9956; 5621; 561; 5197; 5622
4368; 7273; 4030; 6375; 5856; 1356
1018; 7280; 1686; 4854; 4736; 3196; 8272; 7368; 6953; 7961; 429; 5428; 2570; 8771; 8630; 3153; 3397; 711; 9969; 6891; 4476; 3186
7160; 3407; 8234; 7763; 476; 7322; 9077; 9033; 1403; 3236; 7193; 9851; 3718; 35; 4129; 5085; 6193; 261; 484; 5775; 5646; 1747; 9543
838; 9197; 6016; 4357; 8901; 2751; 5341; 6485; 5815; 5147; 8894; 9285; 1397; 9892; 7226; 4864; 2302; 5289; 5600; 2087; 4286
2857; 1603; 8781; 1053; 3717; 2102; 9279; 2002; 8831; 437; 6374; 505; 3626; 4343; 8581; 9485; 6869; 5348; 7027; 2917; 1005; 4421; 1833
4432; 315; 4101; 5598; 6645; 1524; 7225; 8900; 773; 2355; 5323; 9792; 1406; 5321; 6934; 6713; 7526; 2920; 6047; 1379; 9503; 5422; 5975; 9718; 1692; 5385; 5275; 9860; 3973; 5811
5734; 166; 7925; 6439; 1167; 5094; 2248; 9381; 5020; 9290; 8355; 7393; 4579; 8742; 7898; 203; 6476; 8162; 9574
6154; 163; 1139; 4252; 1937; 5030; 8298; 5712; 4322; 1023; 1899; 4459; 9639; 9909; 9866; 4498; 1825; 2134
1648; 5836; 6822; 6715; 8143; 5244; 2237; 6551; 7242; 123; 6178; 4369
2526; 9594; 3046; 8984; 1463; 4912; 5303; 9726; 8230; 1412; 40; 7046; 5070; 2595; 4900; 8413; 7847
7670; 8588; 6854; 1565; 4276; 5204; 9535; 2304; 5009
548; 9820; 4874; 3271; 5761; 1801; 228; 2328; 2129; 1479; 107; 4409; 6896; 3500; 5218; 3158; 3408; 3382; 4333; 3018; 6042
4082; 2517; 8185; 1824; 583; 5597; 2889; 7394; 554; 1257; 7332; 578; 1625; 7754; 4197
3716; 6803; 2556; 3516; 9872; 6269; 9123; 8847; 467; 9104; 5802; 470; 6290; 3745; 7644
4613; 5587; 2366; 152; 1172; 9308; 6354; 9049; 5643; 5974; 2686
8270; 1181; 3607; 7641; 5855; 7245; 5630; 8568; 2266; 4568; 9700; 7995; 8146; 6045; 1574; 3392; 739; 8499; 9903; 517
2659; 1178; 9867; 9887; 3085; 7055; 1742; 8305; 2767
5134; 3084; 6805; 6668; 6255; 1262; 9370; 4095; 8970; 1818; 5697; 9546; 354; 8923; 631; 9596; 2429; 1049; 2538; 9771; 6263
706; 9968; 5366; 3175; 5217; 5964; 2719; 4045; 2329; 7994; 7301; 3336; 1611; 2424; 2540; 1649; 3278; 3119; 7714; 5846; 2858; 5160; 6656; 8672
665; 9169; 7331; 2747; 2817; 551; 7495; 8516; 6228; 5990; 464; 8957; 6932; 6218; 4634; 7313; 1344; 9250; 1371
4977; 9715; 766; 4119; 6643; 9518; 5617; 902; 6247; 7450; 3449; 2294; 3941; 9168; 6248; 6348; 845; 5174; 9212; 9009; 3729
7036; 3000; 3644; 7686; 8202; 8878; 2717; 5559; 546; 3332; 176; 4549; 7741; 7414; 4639; 3239; 644; 5287; 9157; 3485; 9788
8465; 7974; 15; 4735; 206; 9650; 6515; 1253; 7665; 6766; 322; 7224; 9800; 5142; 2275; 9676; 9974; 2030; 4318; 8523; 6187; 2063; 599
4729; 5250; 1942; 1919; 4892; 3531; 2090; 5373; 9061; 3276; 6776; 1587; 1971; 9868; 9960; 5652; 4587; 7571
3860; 7096; 9478; 3481; 5231; 8692; 8652; 4450; 4918; 8022; 324; 7856; 2688; 2098; 2135; 4514; 1812; 2374
6120; 3143; 2620; 7521; 9227; 4452; 9821; 98; 7493; 4938; 3694; 9182; 1408; 5533; 6956; 5651; 7083; 9034; 1701; 6473; 781; 9172; 6077
6753; 3439; 9573; 748; 9057; 3209; 3665; 8793; 9559; 2927; 9302; 8542; 8225; 4230; 2322; 9387; 9702; 7540; 9362; 7803; 1789; 5257
2603; 5268; 9043; 7159; 1431; 9669; 5445; 904; 2663; 412; 6785; 5213; 1831; 53; 8797
3596; 1790; 3316; 7164; 2230; 7436; 9698; 5208; 3757; 7818; 1918; 5365; 9712; 595; 5904; 8297; 6691; 3816; 3623; 7905; 6816; 9116; 9661; 3670; 1632; 7490; 329; 4790; 9054
3982; 7173; 5988; 8624; 6773; 4794; 1087; 3022; 9336; 7325; 6365; 2959; 9828; 8; 7132; 230; 4915; 6815; 1622; 2008
7066; 7237; 1277; 2933; 5933; 8381; 5478; 1907; 4165; 1777; 890; 4301; 5717; 4329
8494; 8966; 7516; 1947; 1357; 1204; 7967; 4757; 2874; 4171; 9641; 5940; 4611; 9616; 550; 6719; 6474; 8976; 1984
4309; 5942; 7154; 7079; 5301; 4907; 4196; 5887; 7930; 6906; 7678; 1862; 9692; 1910; 8846; 6003
4888; 7538; 2619; 6631; 988; 3268; 1148; 9876; 3658
7674; 278; 6355; 6945; 1055; 5949; 8438; 5120; 2613; 5055; 5473; 2500; 6444; 810; 8157; 7003
8127; 1672; 238; 8396; 85; 8261; 3093; 2560; 5758; 9109; 6935; 3681; 1142; 1988; 5653
3025; 3263; 1650; 195; 9649; 5736; 4688; 4128; 3016; 9192; 8097; 5847; 2635; 3641; 227; 4617; 1410; 3313; 3070
3592; 8571; 2142; 3053; 2261; 6455; 3767; 1424; 9919; 5128; 6692; 7574; 6627; 434; 7960; 6397; 8800; 5819; 7607; 4513; 468; 4249; 3013
8338; 157; 5871; 5788; 3162; 6330; 8575; 6266; 7654; 8111; 4154; 1875; 8061; 7456; 4776; 9827; 8242; 5497; 3563; 421; 7539; 1788
6113; 3391; 7382; 9799; 4371; 5048; 5192; 9652; 8863; 9011; 1671; 4326; 2647; 6531; 2473; 6520
64; 1418; 2610; 11; 3347; 390; 2977; 8474; 8167; 1586; 7002; 1264; 6186; 7437; 4453; 2481; 21; 9911; 3455; 3926; 6282; 207; 7890
4982; 4600; 7297; 365; 8391; 7567; 1532; 4397; 7663; 1151; 7214; 7699; 5608; 417; 2024; 1696; 8046; 3946; 1606; 1978; 3389; 6481; 8834
5067; 7344; 1385; 760; 9184; 931; 6824; 6384; 7667; 4020; 4582; 1911; 4044; 7061; 9859; 5360
503; 1535; 4738; 6512; 4209; 9654; 570; 8833; 4692; 7413; 7611; 6553; 9315; 7976; 7439; 1741; 4969; 3469
5530; 8956; 6897; 7615; 1896; 2028; 5367; 5350; 5512; 8073; 2443; 202; 2164; 719; 3220; 5544; 1394; 7496; 6452; 7120; 3884; 1830; 7309; 217
4649; 9498; 8944; 5460; 7499; 4627; 2323; 1730; 5558; 1566; 9732; 6048; 2377; 6721; 7911; 3986; 4052; 7351; 9713; 9685; 1614
9376; 6567; 2483; 4289; 1510; 7688; 6570; 94; 5753; 100; 3499; 6391; 847; 9013; 7087; 2632; 1881; 6095; 9980; 661; 4749
1014; 9338; 8686; 6050; 6027; 3489; 239; 6525; 3610; 2653; 6821; 4190; 4085; 8186; 7618; 3005; 7049; 7860; 7899; 9938; 1995
305; 5325; 180; 6498; 8277; 7304; 4747; 7660; 863; 3956; 1802; 3917; 8020; 226; 2916; 80; 7580
660; 7550; 146; 8222; 3617; 5293; 4451; 2982; 7089; 6026; 6232; 538; 9152; 1422; 8687; 1702
9524; 3695; 7656; 6825; 6018; 3830; 8584; 9987; 110; 4176; 8622; 4232; 9636; 1112; 9822; 1953; 8729; 2910; 4460; 746
71; 3421; 4010; 6082; 6201; 6882; 3437; 8401; 886; 3453; 425; 4500; 891; 5260; 8874
6123; 2895; 3452; 3104; 1337; 3144; 4245; 7735; 859; 7770; 16; 6181; 5308; 1323; 5545; 8306; 1935; 3953
3487; 6103; 8673; 1186; 4917; 96; 4125; 9572; 3518; 9195; 9562; 6409; 366; 9777; 9345
8353; 2394; 5828; 8457; 8150; 9305; 6712; 6129; 6179; 2958; 8067; 4050; 201; 8506; 5116; 5380; 6614; 7447; 1859; 2511
849; 349; 8284; 8421; 3009; 2218; 9976; 6971; 5051; 5888
9549; 1908; 9170; 7267; 7218; 3630; 2757; 8620; 945; 9839; 2037; 7165; 3155; 5100; 7353; 7586; 6237
3097; 4487; 7213; 2829; 9604; 9247; 3494; 7443; 3714; 8229; 7277; 7126; 9012; 1362; 4313; 4512; 4282
8644; 2432; 9111; 2291; 7123; 9959; 5981; 8856; 916
7858; 7923; 5444; 6366; 7662; 601; 6039; 5297; 7384
664; 2709; 6974; 8556; 4605; 7409; 5066; 824; 308; 720; 8619; 9793; 3795; 8004; 1951; 286; 4468; 8907; 2444; 4980; 5458; 2625
6992; 9499; 1432; 5800; 9623; 4066; 1805; 9852; 3395; 9724; 1284; 1591; 1939; 3857; 9198; 8443
1735; 7103; 4698; 8368; 943; 8158; 9671; 4536; 7989; 1086; 9602; 3107; 5151; 4638; 2213; 7186; 7591; 6635; 9882; 8107; 7009; 2318; 8731
3861; 7145; 4786; 8106; 1638; 935; 3651; 729; 7416; 1350; 300; 9272; 5851; 7983; 6395; 436; 4833; 398
4978; 8646; 7133; 5403; 3814; 624; 7015; 7122; 1642; 1540; 7977; 9408; 7694; 1921; 6456; 9553; 5702; 2109; 1045; 8036; 2348; 2460
5314; 2045; 18; 8577; 3355; 1810; 621; 3406; 3346; 364; 4983; 6789; 106; 3978; 7479; 6360; 2621; 9773; 6030; 9977; 9725
9384; 3307; 8765; 8994; 5750; 5520; 1903; 9215; 3611; 6488; 2616; 4744; 1123; 1342; 1024; 2810; 3180; 7381; 9862; 7760; 5639; 1849; 4108
3864; 8695; 2985; 3359; 3348; 5127; 6544; 4062; 427; 3007; 5023; 1476; 500; 9461; 9734; 9163; 9646; 391; 9445; 5900
65; 5056; 9427; 6949; 8959; 2074; 4081; 4428; 7335; 3441; 9015; 7246; 3012; 1039; 6390; 5586; 5865; 522; 2515; 8809; 2020; 2866
6156; 7671; 1797; 3069; 4376; 34; 7838; 6870; 6788; 6254; 5813; 4404; 3327; 448; 8330; 7279; 6681; 5599; 9252; 8100; 8986
5149; 9386; 7690; 987; 3215; 4293; 2228; 3465; 6855; 9006; 1261; 5658; 7411; 4338; 9578; 8701; 2692; 9915; 1121; 4733; 359; 8914
710; 2971; 400; 7410; 1656; 3676; 1159; 2277; 638; 1989; 9936; 5292; 4653; 7446; 2828; 2449; 8497; 4330; 6844; 1437; 8141; 541; 1727; 6267
5318; 9027; 2591; 4817; 7114; 6175; 4648; 2097; 5178; 8382; 3330; 6977; 7022; 135; 520; 3614; 3668; 7791; 7558; 4765
4437; 3624; 4100; 3324; 3825; 2573; 8321; 7848; 4960; 4768; 5177; 277; 1580; 9059; 7800; 4954; 8359; 4570
1006; 2293; 8640; 1964; 4398; 4420; 8268; 432; 4807; 3526; 1201; 7917; 7916; 9100; 2035; 5681; 5384; 6748; 9871; 2011; 8886
5068; 1292; 3510; 5538; 3637; 1373; 3296; 1575; 1395; 2427; 574; 5311; 4503; 7124; 7884; 7042; 1447; 4172
4440; 6337; 6513; 6389; 6970; 4417; 2779; 2987; 2421; 5386; 4218; 446; 5053; 4467; 9139; 8550
6121; 4789; 4248; 2071; 9414; 6759; 2122; 6331; 9216; 6867; 5233; 6291; 6620; 3939; 3117; 6568; 2645; 8965; 8525; 9144; 2270; 6638
72; 9589; 3567; 3575; 2101; 2796; 8292; 6613; 5332; 5903; 7200; 923; 6308; 2278; 5797; 4156; 3118
312; 4942; 5709; 6094; 9107; 2830; 8041; 873; 9560; 6037; 4914; 2193; 49; 7727; 9332; 8605; 9813; 2048; 5921; 8084; 5042; 6865; 6457; 7682
3466; 6325; 7430; 116; 7602; 24; 9267; 6220; 533; 1512; 3211; 4632; 8741; 5036; 1864; 7128; 5230; 4626
1038; 7918; 5111; 3901; 9260; 6806; 5057; 7231; 3735; 9689; 9363; 384; 1605; 7278; 2932; 3279; 5139; 148; 3576; 4510; 973; 7182; 2948; 3394
4654; 8103; 7794; 7517; 5674; 1340; 1441; 5194; 1726; 2185; 4916; 9619; 723; 9117; 6070; 7633; 2235
3994; 2699; 4479; 4481; 2112; 4022; 4366; 9041; 2095; 7008; 4060; 966; 3380; 775; 4519; 2520; 5346; 6052; 7341
640; 6677; 9118; 5354; 4772; 3906; 4454; 5989; 879; 6792; 889; 235; 2503; 8024; 6502; 7498; 5956; 9255; 5628; 4475; 8739
6168; 4135; 584; 4484; 9840; 1376; 673; 1641; 4001; 580; 9183; 6670; 136; 1658; 3787; 5729
7893; 3253; 7980; 1958; 1492; 4193; 3705; 3194; 424; 4801; 3266; 7088; 7797; 7544; 7219; 7339
511; 4223; 677; 8554; 4966; 7592; 6961; 1050; 3629; 1303; 4217; 6684; 179; 3203; 8715; 803; 3519; 7256; 3551; 9269; 3111; 8961; 1506; 731; 9863
79; 7376; 9949; 2425; 3044; 3688; 3693; 8333; 5931; 8238; 7529; 5978; 1771; 6541; 52; 6861; 1279; 7311
5759; 2317; 7700; 6188; 3309; 610; 2696; 6951; 9020; 7503; 9103; 9191; 8988; 7363; 6279; 31; 6405
8363; 930; 2118; 3879; 5481; 4866; 3958; 1572; 1298; 340; 8777; 6539; 5118; 4096; 9069; 8667; 5096; 22; 4507; 5568; 3431
325; 6105; 6223; 1945; 790; 8221; 8165; 3133; 2689; 3569; 1842; 1906; 4364; 728; 3478
475; 8857; 6268; 7190; 8510; 4493; 6081; 1125; 6370; 9913; 8085; 8915; 1813; 1285; 9036; 9155; 3848
4672; 1940; 699; 5506; 3358; 5970; 7661; 6676; 5794; 9673; 8716; 3536; 1329; 5842; 6723; 4136
7025; 4810; 2363; 3812; 5114; 8029; 5400; 8514; 6685; 9497; 982; 2765; 1880; 3548; 8801; 616; 8007; 9314; 6818; 4347; 8566; 2564
3615; 6256; 1177; 4240; 5913; 9432; 4259; 1443; 6433; 5730; 971; 9684; 4004; 2755; 3087; 1273; 2643; 2343; 3267; 7831
3052; 4203; 4149; 2502; 2565; 8331; 7220; 8791; 2907
5101; 4269; 9238; 8887; 2208; 4090; 1419; 826; 2148; 5405; 8839; 2954; 1661; 1952; 3625; 8609; 1931; 212; 558
4278; 1191; 19; 8674; 6887; 1901; 1200; 7938; 9127; 9967; 8533; 5850; 7121; 5671; 5417; 4564
9329; 3073; 6400; 4835; 9600; 3496; 6991
6722; 4700; 6895; 6828; 3490; 8806; 1468; 6517; 7141; 6056; 6402; 120; 1208; 7666; 5108
1057; 4150; 2963; 2072; 7157; 7775; 9776; 2065; 8816; 9242; 5021; 7252; 345
7868; 2980; 8088; 8978; 2777; 6046; 9895; 2069; 8883; 6662; 7811; 6942; 410
2365; 2938; 9921; 4929; 2791; 6368; 3079; 2247
5339; 1519; 8065; 3190; 1071; 4034; 3582; 7614; 8744; 3922; 9140; 6353; 1619; 1957; 7840; 5687; 4089; 3051; 686; 4870; 8963; 5962; 1932; 3743; 3270
1411; 6801; 2340; 7140; 3377; 1645; 5383; 717; 6401; 8736; 8066; 5679; 8044; 8074; 730; 480; 5649; 843; 3908; 9064; 3852; 7934
6908; 8488; 130; 9206; 4387; 1783; 8455; 3163; 9707; 7901; 4511; 9787; 231; 5863; 6245; 6809; 2730
2824; 9736; 4623; 1589; 3379; 8508; 7139; 5374; 9519; 8811; 6443; 539; 284; 735; 3226; 5728; 6542; 9390; 7328; 5611; 5440; 6894; 6283; 8515; 695; 4827; 1467
6909; 8323; 9231; 8414; 1640; 544; 1221; 5739; 43; 3273; 9643; 1657; 2990; 8795; 3750; 6431; 1313; 174; 5239; 5987; 1999; 6262; 6783
6490; 2092; 3482; 225; 6133; 9637; 6417; 4447; 7201; 2364; 6540; 5895; 2974; 1396; 4845
4019; 9708; 965; 7153; 789; 5773; 133; 9924; 3028; 2843; 9178; 5740; 1598; 7680; 6192; 1858; 5898; 7048; 6051
8129; 6871; 2111; 2260; 1239; 1874; 8473; 1571; 8689; 2415; 7110; 3289; 379; 6099; 5433; 5672; 9180; 9273; 4449; 1152; 3006
8927; 8208; 6584; 8220; 3944; 8919; 5267; 3497; 8912; 674; 667; 5705; 271; 7102
4053; 8133; 4464; 6459; 4257; 6760; 4618; 3732; 3882; 9972; 3072; 2848; 833; 6694; 3846; 9286; 9288; 9896
1682; 5738; 4315; 5184; 8240; 5130; 2147; 5435; 6469; 8204; 2945; 6244; 474; 6118; 4226; 318; 637; 5123
4444; 2115; 5426; 565; 4694; 6596; 913; 1639; 9323; 8939; 1363; 3134; 801; 1806; 2748; 8327; 5633
9642; 2080; 342
187; 1664; 4412; 2305; 5519; 9360; 9935; 6422; 2184; 2160; 7308; 9214; 531; 2506; 2607; 9786; 3686; 5741; 7467; 3249; 8592; 1821; 9479; 4946; 8402
466; 4061; 9481; 1927; 7239; 5881; 9326; 3713; 733; 8873; 6185; 8000; 5592; 4808; 7863; 1670; 1766; 7553; 7234; 2369
5523; 6508; 7701; 9528; 285; 3004; 2936; 1615; 7284; 3855; 5959; 4932; 4972; 7964; 4103; 6947; 2121; 6277; 2744; 2574; 4997; 4039; 5694; 1655; 1302
6994; 26; 2059; 5993; 5927; 3687; 1636; 752; 6734; 4087; 9794; 3315; 8309; 3980; 8958; 5868; 1871; 7168; 9275; 4826; 8233; 2175; 7975; 1054; 4887
839; 6059; 1717; 5852; 5181; 7370; 5439; 832; 934; 6918; 5726; 6028; 6586; 5770
2598; 3202; 8266; 8108; 1785; 3456; 5167; 2026; 526; 5278; 4659; 1154; 3091; 9597; 3419; 5221; 1722
1011; 2339; 2818; 2580; 6480; 3424; 5241; 8642; 3537; 1307; 7937; 2524; 9187; 3212; 3925; 2713; 6106; 381; 3338; 6590; 5393
495; 559; 2786; 6322; 2259; 5663; 3288; 9885; 6860; 2395; 1770; 82; 7052; 4354; 8476; 3638; 8154; 3353; 6749; 6807; 6625; 6680; 7435; 9039
714; 7922; 8769; 623; 7746; 2760; 3823; 4057; 10000; 9292; 3317; 1030; 2501; 4393; 5823; 2005; 1956; 8805; 794; 1128; 8332
307; 6377; 3086; 1136; 1695; 3444; 4619; 5669; 3299; 9952; 4461; 4167; 1099; 5095; 7575; 5345; 8983; 6787
5072; 4418; 1209; 9507; 5008; 6071; 267; 5911; 5265; 416; 84; 4843; 6986; 1536; 4876; 8637; 4011; 5678; 2794; 181; 4122
6752; 6738; 1872; 2585; 59; 9233; 2989; 3092; 7736; 6339; 1973; 2157; 8013; 3831; 451; 6616; 1820; 3771; 7695; 6021; 7241; 6127; 4573; 7342
1718; 1275; 1613; 3195; 6765; 2223; 8639; 7417; 1847; 6686; 4146; 6197; 3828; 477; 2281; 5664; 5551; 8269; 2003
8145; 9391; 1225; 4687; 8964; 3728; 3545; 4377; 269; 6952; 8496; 5858; 8681; 1507; 4558; 6259; 9106; 3634; 9817; 8761; 4482; 8682; 8680; 5189
1021; 6728; 188; 5969; 9688; 4344; 8293; 9120; 3174
9533; 5860; 4636; 1472; 7017; 462; 7617; 2062; 8580
5548; 1199; 2397; 2581; 1281; 9119; 1963; 1161; 8002; 8697; 7584
3508; 741; 1272; 9982; 7653; 2014; 6593; 1776; 6107; 5928
3844; 8603; 7349; 2888; 450; 8685; 2550; 9181; 9342; 1347; 1048; 1538
2204; 8627; 7426
4126; 4214; 894; 871; 2420; 9447; 1345; 3404; 2589; 8481; 5182; 3817; 8981; 7059; 1203; 8429; 5493; 222; 3450; 2726; 8337; 4353; 30; 852; 1060; 5107; 3769
2587; 8287; 7423; 1294; 1499; 6446; 4531; 5572; 5501; 8648; 5719; 8702; 9660; 791; 4195; 9737; 5232; 7180; 9476; 1543; 3853; 9490; 4068; 3390; 6678; 2905
492; 759; 1400; 6117; 1034; 5682; 2300; 2216; 1537; 6549; 5200; 2555; 6790; 2163; 885; 7691; 9167; 1527; 9330; 4389; 3604; 4360; 7651; 1263; 178; 8553; 9050
4641; 323; 1877; 4316; 8590; 5696; 1787; 9744; 8144; 2422; 8428; 5894; 341; 6658; 6410; 7753; 4200; 262; 3145; 7762; 5710; 6130
7878; 6317; 7734; 9171; 8814; 9929; 1361; 1814; 1033; 5929; 2944; 4730; 3913; 2572; 6212; 528; 3139; 4363
5317; 5453; 802; 4388; 8445; 3272; 1162; 5631; 1562; 8928; 205; 1214; 3648; 2734; 3532; 3031; 7903; 8003
494; 3932; 5136; 8232; 9419; 249; 3329; 6666; 7972; 7321; 423; 7796; 1834; 4686; 3577; 7598; 5245; 253
3865; 3080; 4495; 1854; 3834; 963; 7315; 8226; 3802; 3870; 8999; 678; 2469; 8754; 1870; 9620; 9035; 2508; 3123; 9423; 3360; 3124; 7962
4737; 1374; 1654; 7471; 2803; 1837; 8579; 2504; 2296; 5273; 9268; 582; 6450; 3265; 3048; 7616; 8690; 7161; 7302
5157; 2682; 5438; 265; 319; 5704; 4802; 6966; 8747; 2489; 7019; 6305; 8746; 374; 4429; 1325; 3363; 2462; 523; 7067; 6496
4994; 604; 9113; 4297; 7563; 3448; 8930; 4345; 292; 6672; 6839; 9627; 5172; 3985; 7155; 2981; 2849; 7748
7894; 3647; 5777; 7192; 9651; 9606; 3929; 815; 2276; 4578; 6271; 9450; 7453; 8877; 6012; 1145; 7263; 3342; 3748; 8954; 5706; 105; 3129; 8617
2604; 1175; 2776; 1585; 2865; 9583; 7101; 6858; 8522; 6293; 9042; 7519; 726; 1332; 5566; 8832; 959; 1878; 2780; 8713; 1346; 1143; 1773; 8519
3040; 8758; 7956; 5281; 799; 2426; 141; 251; 4131; 7647; 7943; 445; 3445; 5642; 5173; 4199; 5769; 7364
5337; 7082; 4861; 1798; 6862; 7836; 7291; 9037; 2934; 1140; 888; 4025; 6199; 5772; 901
5557; 5459; 6574; 232; 1227; 3247; 3396; 3797; 7257; 697; 7645; 7771; 4192; 9878; 8733; 2413; 9926; 3219
8512; 7600; 1265
