471; 3513; 4158; 3666; 5754; 3755; 6608; 2307; 9710; 2787; 2793; 9464; 840; 4405; 3300; 7432; 2082; 3863; 6022; 91; 3674
6741; 5161; 6810; 313; 4477; 3854; 5058; 7747; 1729; 8398; 7623; 8090; 7273; 1027; 3931; 5451; 5006; 1485; 6367; 134; 5831; 6899; 7029; 6576; 4312; 2624; 6116
9219; 2998; 7900; 1280; 1223; 7886; 8937; 3077; 7074; 2850; 2870; 112; 7787; 2282; 1557; 4746; 6440; 1269; 7316; 5932; 8480; 2677; 5063; 5612
4180; 287; 4319; 2995; 3221; 9278; 619; 2018; 3413; 7730; 7833; 8441; 9495; 4117; 2207; 5344; 7821; 5290
5398; 4030; 8678; 9774; 9729; 2181; 9217; 4650; 7583; 7533; 8634; 9005; 7908; 9858; 4989; 5126; 7129; 8342; 8442
6196; 4809; 9397; 9091; 2887; 5725; 1594; 2172; 3981; 8315; 6072; 4413; 5356; 6615; 5727; 4486; 7839; 3525; 1207
440; 2718; 1120; 5621; 6463; 8790; 5207; 1462; 7324; 291; 2939; 7944; 7799; 8829; 7065; 5117; 4077; 3475; 2038
7204; 3183; 512; 5468; 3559; 3216; 7756; 9850; 8317; 3815; 8503; 3285; 9864; 7531; 6948; 5115; 6280; 6273; 6848
9220; 4797; 2327; 1550; 4576; 6795; 8500; 5637; 3458; 9678; 9459; 8948; 9066; 1197; 2606; 3176; 5024; 6622; 641
3383; 5537; 8069; 1293; 9196; 917; 9632; 2911; 5722; 4841; 8320; 2512; 6936; 6061; 2212; 7418; 2308; 5801; 5755
5399; 3957; 6110; 6751; 3597; 2955; 8990; 9316; 9611; 2314; 9998; 6038; 783; 7348; 8696; 1370; 8138; 1166; 1560; 6204; 3722; 1354; 9629; 1176; 9105
8423; 3308; 7715; 1133; 7260; 9018; 6912; 90; 2965; 6307; 1322; 6778; 7397; 8711; 8064; 5202; 7935; 8699; 7248; 7870; 7555; 9955
9767; 47; 9469; 5328; 7724; 7464; 8676; 7872; 4788; 4950; 9537; 8038; 295; 6334; 331; 1697; 6520; 2473; 6531
3384; 9640; 4233; 4400; 6363; 1283; 7457; 5766; 6351; 3325; 5867; 8280; 7979; 2660; 5779; 3792; 2224
5190; 1315; 2200; 7296; 242; 5494; 6346; 9898; 4074; 6239; 1300; 8827; 3078; 685; 4520; 1304; 1707; 3829
9433; 1796; 1551; 5840; 4425; 3378; 4175; 8163; 6435; 5907; 6275; 5893; 7217; 1003; 6853; 6352; 5655; 9259; 606; 7841; 4643; 5138; 1088
992; 3193; 6879; 12; 5148; 3873; 2182; 9530; 191; 8384; 1213; 8152; 2761; 6311; 9624; 6967
8762; 7744; 8998; 1894; 1425; 6020; 6997; 2549; 5832; 3527; 9030; 9770; 6516; 5724; 6561; 1327; 4469; 3799; 4937; 762
3387; 7215; 4771; 5228; 4910; 8322; 5553; 3483; 2992; 2921; 7780; 2754; 6876; 5331; 809; 1873; 7941; 2346
9225; 7489; 1435; 7484; 8631; 111; 7064; 9599; 8654; 3116; 6898; 8248; 2176; 1852; 9346; 5284
9435; 2492; 5340; 921; 5771; 1231; 3136; 2740; 254; 4532; 2662; 698; 2608; 8952; 3867; 7293; 4533; 3881; 3277; 4526
3724; 7012; 5856; 4368; 2518; 4023; 4426; 86; 5032; 7768; 154; 2044; 1466
6202; 3822; 5333; 7524; 742; 9956; 8586; 8721; 9201; 8404
6203; 8189; 1067; 6069; 2640; 693; 4986; 4496; 4033; 1111; 7596; 3691; 9730; 8896; 7501; 3126; 7386; 482; 1429; 4803; 4132; 4443; 2683
3391; 6113; 7382; 317; 5444; 2647; 7858; 7923; 1420; 3039; 9751; 4224; 8941; 9742; 1737; 4032
5197; 608; 3793; 1808; 4753; 3697; 7081; 4822; 7360; 8394; 7346; 5835; 7371
6415; 689; 8371; 6138; 8050; 6648; 9607; 3165; 4055; 5620; 4551; 13; 9855; 927; 3169; 237; 7638; 6421; 2879
2562; 9465; 2897; 5180; 2642; 7247; 7536; 2804; 8456; 1839; 264; 1819; 7577; 3045; 4169; 1250; 5827; 8992
2563; 1132; 6919; 7149; 571; 6650; 3430; 3842; 575; 7777; 7510; 2326; 9410; 2961; 6231; 844; 6846; 9203; 1698
2720; 5820; 6647; 5454; 8406; 4378; 7144; 8447; 7187; 3557; 76; 7460; 2373; 7465; 5977
8431; 6191; 6173; 4956; 117; 9622; 1713; 4852; 8164; 5155; 4720; 2521; 2929; 5818; 2466; 524; 2886; 8344; 769; 219; 6820; 997; 753
9230; 6770; 9897; 508; 6527; 3167; 8194; 3892; 1534; 836; 5237; 7603; 1278; 4206; 3274; 779; 5890
8434; 9406; 9062; 2186; 6462; 57; 1092; 3813; 5093; 722; 8201; 1198; 1602; 666; 2201; 361; 320; 9194
758; 1459; 9248; 3701; 7891; 1979; 2487; 2089; 7275; 2319; 1240; 37; 4005; 978; 4042; 2950; 8555; 577; 8139; 6090; 7451
3741; 9728; 2209; 7104; 3282; 3542; 1882; 3064; 5477; 8714
336; 4609; 8364; 6004; 1496; 7084; 9950; 4540; 9830; 2159; 9939; 4159; 9304; 725; 2702
3746; 6149; 1286; 2414; 878; 8786; 9210; 9890; 8296; 7677; 7639; 2986; 5680; 1489; 7599; 3014; 7945; 3756; 1753
5224; 4070; 5486; 3507; 924; 1052; 6297; 8938; 896; 736; 8250; 1356; 7010; 9900; 348; 1949; 4292; 6350
3210; 2274; 2782; 2892; 5695; 2835; 3703; 9780; 784; 4120; 5613; 257; 4614; 8149; 5372; 9756; 182
4764; 2694; 5910; 5837; 653; 1216; 1934; 1165; 3673
6532; 7085; 2842; 1836; 378; 8625; 2013; 3054; 2256; 6087; 5061; 5814; 6392; 9922; 8032; 2838; 567; 5077
586; 8112; 967; 6165; 1407; 4385; 496; 9322; 7063; 2416; 1289; 1756; 7984
4856; 9086; 2289; 4381; 1541; 9992; 6875; 2666; 1230; 8917; 4321; 4049; 8253; 690; 218; 7181; 6292
8888; 7115; 6281; 5920; 1915; 3653; 5915; 1490; 5899; 1343; 4774; 3662; 4281; 4696; 5892; 5995; 9312
3849; 5606; 1299; 4846; 6068; 1229; 8932; 4323; 968; 8191; 9122; 1593
1752; 1633; 8047; 8684; 4367; 8855; 1715; 1509; 2890; 3680; 7343; 8564; 9993; 2226; 9581; 5158
4334; 7642; 2592; 7737; 6628; 6958; 8848; 6524; 5396; 3248; 7906; 928; 2834; 5660; 4921
9385; 6530; 9263; 2681; 8735; 2126; 1428; 3639; 6504; 6963; 8738; 9626; 2283
2330; 6371; 6134; 6467; 792; 2345; 2906; 8628; 8068; 6375; 8300; 7869; 9110; 1723; 4168; 8490; 8837; 486; 3904
1384; 6705; 5732; 7952; 3076; 9755; 6284; 6837; 1244; 8283; 2146; 7953; 7044
4408; 6388; 2243; 1319
9546; 354; 8923; 631; 5697; 1818; 4095; 8970; 6255; 5134; 3084; 6805; 6668; 1262; 9370; 9034; 7083; 5651; 9182; 3143
4977; 9715; 766; 4119; 6643; 9518; 5160; 7714; 3119; 3278; 1649; 1984; 2858; 1148; 5846; 5617; 902; 6247; 7450; 3449; 2294; 3729; 4318; 1371
7665; 1253; 6515; 9009; 9212; 5174; 845; 8465; 9168; 3941; 6248; 6348; 7974; 15; 4735; 206; 9650; 7905
7414; 4639; 7741; 4549; 3332; 176; 3644; 7686; 3000; 7036; 8202; 8878; 2717; 5559; 546; 7540; 9387; 9702; 8542; 8225; 1789; 7803; 9157; 8672
890; 1777; 6187; 7154; 5942; 4309; 7079; 2374; 5301; 4907; 4196; 1907; 6218; 4634; 7313; 8957; 464; 5990; 6228; 7495
1701; 6473; 781; 9172; 2603; 5268; 9043; 7159; 1431; 2429; 9596; 1049; 2538; 5445; 9669; 904; 2663; 6785; 6263; 6077
4938; 7493; 6120; 2620; 7521; 9227; 4452; 9821; 98; 3694; 1408; 5533; 6956; 1831; 3268
5904; 8297; 6691; 3816; 7994; 7301; 5217; 3175; 5964; 2719; 4045; 2329; 5366; 9968; 706; 1611; 3336; 2424; 2540; 3485; 9788; 6656
7164; 2230; 3316; 1790; 3596; 5257; 3757; 5208; 9698; 7436; 7818; 1918; 5365; 9362; 3239; 644; 5287; 9712; 595; 2322; 4230; 6753; 3665
322; 7224; 9800; 5142; 2275; 6766; 9676; 9974; 2030; 1862; 8523; 4165; 6932; 1344; 7237; 1277; 2933; 5933; 9250
2927; 9302; 8793; 9559; 3209; 9057; 748; 9573; 3439; 3623; 8976; 6474; 6719; 550; 9616; 4611; 5940; 9641; 2874; 4757; 4171
8516; 551; 665; 9169; 7331; 2747; 2817; 53; 5478; 8381; 8797; 7066; 5887; 7930; 6906
7678; 412; 5213; 6631; 2619; 7538
3144; 3104; 3452; 4460; 2895; 2910; 6123; 8729; 4245; 1953; 7297; 4982; 4600; 365; 8391; 7567; 6712; 1606; 3946; 3389; 1978; 6481; 9305; 8834; 9293; 3132
7413; 4692; 8833; 570; 9654; 6512; 4209; 1535; 4738; 503; 5033; 778; 1994; 3476; 8644; 1741; 3917; 5360
9766; 3320; 5662; 4291; 5525; 3566; 6135; 4799; 5785; 8606; 5513; 4072; 4661; 7889; 6868; 1844; 7648; 5491
6743; 1271; 9595; 4220; 4935; 5140; 2362; 8001; 7711; 6644; 9098; 5588; 4155; 1153; 4358; 7028; 2351; 7928; 5003; 330; 7020; 2999; 3120
4397; 1532; 7663; 1151; 7214; 7699; 5608; 417; 2024; 1696; 8046; 5803; 9696; 8726; 7183; 3762; 9056; 1583; 1066
9437; 4951; 9803; 957; 9000; 9504; 2417; 5575; 2766; 7431; 6031; 4028; 1757; 9160; 1439; 2061; 1098; 2387; 777; 3789; 4153
976; 3157; 1222; 8936; 184; 6211; 4166; 3156; 7095; 5022; 9132; 2076; 514; 5474; 2626; 3773; 4069; 6333; 1455
9228; 6063; 6445; 7406; 5498; 4571; 9791; 1146; 7828; 7572; 5002; 1807; 4718; 9988; 9719; 8397; 164
1977; 4384; 537; 7506; 4489; 5395; 3141; 6580; 9779; 1195; 4260; 7669; 9350; 5044; 615; 1494; 1457; 7319; 5961
6418; 6609; 8779; 9825; 7861; 3850; 5923; 6737; 4462; 9075; 882; 7481; 5677; 2825; 4642; 1355; 6585; 727; 8198; 3652; 3469
8773; 7541; 1577; 7999; 4710; 363; 5595; 6257; 7968; 5176; 5052; 6701; 6559; 1710; 6147; 3306; 2410; 2885; 1295; 9354; 5446
430; 6621; 3003; 4602; 8691; 7014; 3984; 8114; 283; 9615; 8014; 5885; 1084; 6646; 5757; 4208
2728; 5463; 87; 648; 4430; 1630; 7820; 9262; 8411; 6667; 5259; 5540; 5109; 8787; 1845; 6845; 2775; 44; 2361; 1464; 8544; 1276; 2649; 5037
5206; 6925; 6464; 3646; 5059; 6303; 7912; 970; 4778; 8719; 6859; 1746; 4332; 647; 5810; 1705; 2898; 6084; 2337; 8387
7770; 16; 6181; 5308; 859; 7735; 7580; 1323; 5545; 8306; 6499; 545; 5650; 7959; 1108; 4750; 746
4747; 7660; 863; 3956; 2432; 4969; 7304; 6498; 180; 6553
3580; 9809; 6533; 4231; 1337; 9218; 5320; 9653; 4748; 7158; 2231
413; 3349; 1865; 3995; 4038; 9493; 915; 547; 7852; 7439; 9315; 7976; 7611; 9111; 3953; 2291; 4044
6774; 3663; 2956; 7687; 5379; 4021; 8549; 9943; 1387; 7885; 5460; 7499; 4627; 7123; 9859; 7061; 9959; 1385; 5067; 1911
5325; 305; 8277; 1802; 8020; 226; 2916; 80; 1935; 4582; 4020; 7667; 6384; 6824; 931; 9184; 8584
4232; 9636; 4176; 110; 7344; 3830; 6825; 6018; 760; 9987; 8622; 9822
1817; 2951; 1689; 1320; 3529; 1448; 2225; 3621; 2471; 4652; 6575; 8049; 1012; 6448; 2768; 6718
7497; 9421; 7932
6051; 5738; 1682; 695; 4315; 7048; 2824; 9736; 4623; 1589; 3379; 8508; 7139; 5374; 9519; 8811; 6443; 539; 284; 3226; 5728; 9390; 5611; 1571; 379
5649; 480; 730; 8044; 8074; 5679; 8066; 8736; 6401; 717; 5383; 3944; 8919; 5267; 3497; 9064; 3908; 843; 3852; 9288; 6909; 7934
5440; 6894; 1874; 7328; 8473; 8689; 2415; 7110; 3289; 6099; 5433; 5672; 9180; 9273; 474; 4449; 6244; 2945; 8204; 3006
6490; 2092; 3482; 225; 6133; 9637; 6417; 4447; 7201; 7140; 2340; 6801; 1411; 3377; 1645; 8220; 5962; 8963; 1932; 686; 3051
9178; 2843; 6262; 1999; 5987; 1467; 5239; 4827; 5740; 1598; 7680; 6192; 1858; 3028; 6783; 9924; 133; 5773; 789; 5898; 8515; 8129; 6283; 6871; 2260
8927; 3743; 8208; 3270; 6584; 2364; 6540; 5895; 2974; 1396; 9642
3134; 8939; 1363; 1239; 2111; 1519; 5339; 8065; 3190; 1071; 4034; 3582; 7614; 8744; 3922; 9140; 6353; 1619; 1957; 7840; 5687; 4089; 7153
4226; 318; 637; 8327; 5123; 1783; 4387; 9206; 130; 2748; 1806; 801; 8455; 3163; 5739; 1221; 1657; 271
6245; 5863; 231; 6908; 8488; 4870; 1639; 913; 6596; 4019; 9708; 965; 5426; 2115; 565; 1313; 3750
735; 6542; 5184; 8240; 5130; 2147; 5435; 6469; 1152; 6118; 1118; 8587; 2567; 1720; 4694; 174
6459; 4257; 4464; 7102; 3072; 2848; 9972; 5705; 4618; 3732; 667; 3846; 6760; 8133; 4053; 833; 6694; 3882; 9231; 8323; 8414; 1640
4444; 8795; 2990; 6431; 43; 3273; 9643; 544; 9896; 9286; 674; 8912; 9323; 2730; 2080; 4845
8592; 1821; 5548; 9119; 4122; 1963; 181; 1161; 8637; 4876; 1536; 6986; 4011; 5678; 4946; 8402; 6787; 1128
307; 6377; 3086; 1136; 1695; 3444; 4911; 9072; 8184; 4562; 2255; 7627; 234; 9875; 8389; 1786
5985; 1063; 258; 7514; 4723; 6812; 9810; 4963; 4539; 6398; 1334; 282; 9579; 587; 9297; 4832; 9760; 5283; 7629; 9753; 371; 5008; 9507
2005; 1956; 3828; 5823; 4393; 1030; 2501; 3317; 1099; 7746; 623; 2760; 3823; 4057; 10000; 9292; 8769; 7922; 4461
8002; 3249; 8697; 4754; 8583; 3410; 4849; 6698; 6731; 5500; 995; 8879; 9131; 8080; 2336; 2267; 9735; 1974; 2476; 2676; 4569; 6461
1482; 9143; 2544; 956; 1444; 9592; 5153; 6074; 2439; 8450; 2311; 7815; 9402; 765
8759; 5195; 853; 3434; 9662; 101; 6364; 1089; 2093; 140; 854; 2060; 1902; 4925; 39; 2149
4140; 9289; 9114; 8920; 7851; 4952; 2590; 129; 8415; 9395; 8807; 9714; 1997; 9893; 8247; 9479; 1209; 4418; 3942
7417; 8639; 2223; 6765; 2794; 4843; 84; 416; 267; 5265; 5911; 4777; 5272; 7298; 7769; 9904; 3818; 2409; 4263
3135; 2232; 4071; 8551; 3036; 5656; 4891; 1297; 4853; 4968; 3460; 9932; 5104; 8008; 7229; 8334; 5306; 7023; 5329; 2257; 481; 9090
6665; 848; 7546; 2837; 8314; 7513; 8870; 6767; 8210; 2586; 8236; 6587; 6632; 2272; 7006; 3063; 3866; 8707; 2295
3435; 5144; 220; 3333; 3594; 938; 3094; 1542; 8727; 2219; 441; 3515; 4299; 8569; 1718
477; 2281; 6686; 5345; 1847; 7575; 8332; 5095; 794; 3195; 1275; 1613; 6071; 5072; 7933; 8537; 488
5669; 3299; 9952; 5664; 5551; 4619; 4167; 714; 2269; 2280; 1861; 5610; 8643
7624; 6888; 3541; 6044; 1835; 5983; 3768
8785; 4349; 6219; 6763; 9472; 8216; 7946; 2994; 8543; 2140; 1545; 3810; 3114; 9670; 3578; 6430; 7998; 109; 1782; 3429; 683; 1679; 4825; 6799; 3038
3969; 1517; 2151; 4205; 8193; 2306; 7659; 6495; 7873; 1070; 9931; 8975; 1955; 9717; 1629; 1093; 7069; 7043; 6601; 7664; 9126; 6724; 3838; 5666
4725; 9439; 5304; 750; 8767; 2636; 4616; 883; 4202; 1391; 370; 170; 1584; 9891; 5843; 7494; 1409; 263; 8115; 8258
6153; 5998; 5916; 280; 7461; 4585; 1211; 4058; 3182; 7427; 7750; 6236; 1669; 6989; 9705; 895; 5549
8211; 8299; 7147; 507; 4152; 5880; 159; 3839; 555; 3432; 7722; 9706; 2221; 4392; 7338; 3367; 3352; 3328; 5464; 2399; 8078; 4824; 3598
2668; 6438; 5957; 7765; 4163; 5751; 4422; 4407; 8536; 2545; 4365; 9068; 3034; 335; 8573; 4133; 2251; 8026; 7709; 5001; 4147; 8027; 5944; 5747; 834; 4697; 7420; 7668
5902; 1637; 1690; 7445; 603; 6943; 9631; 9486; 897; 9617; 793; 9815; 4355; 3945; 6907; 2900; 5593; 353; 4160
4433; 8281; 403; 1056; 3585; 4701; 5102; 6356; 5629; 3351; 4991; 634; 7184; 6634; 4410; 948; 1446; 9635
5489; 7367; 2418; 6009; 593; 3240; 1913; 2400; 9378; 5746; 1596; 6347; 5765; 5711; 3744; 9582; 6892; 2960; 1258
6985; 7099; 9001; 1260; 6900; 7076; 9990; 4814
3211; 1512; 4632; 8741; 5036; 1864; 7128; 8883; 6662; 5230; 6046; 5797; 9895; 2069; 2278; 6052; 7341; 4156; 923
5187; 529; 4779; 1687; 8043; 8530; 7774; 3164; 6944; 7352; 2611; 294; 490; 7468; 2195; 7287; 3912; 4187; 2245; 996; 7528; 8859; 5947; 5056; 398; 2866
436; 5851; 7983; 6395; 7157; 2072; 4833; 2963; 4150; 2515; 522; 5865; 1057; 8809; 5586; 5108; 7775; 1506; 7416; 729; 300; 9015; 6390
2710; 7630; 8641; 9341; 8365; 7441; 5409; 4229; 3250; 7731; 8662; 6786; 3583; 1147; 6709; 2178; 7726; 55
3172; 7778; 8308; 2790; 5713; 7548; 6054; 1241; 4483; 7285; 6166; 6207; 4098; 3345; 7323; 9047; 7509; 9785; 6454; 5675; 6253
5400; 8029; 5114; 8886; 2363; 3812; 7025; 4810; 475; 8857; 6268; 2011; 9871; 5681; 5384; 6748; 4108; 7917; 7916; 9100; 2035
5402; 9146; 1171; 9492; 6190; 9593; 5495; 7758; 1761; 1210; 8849; 2913; 6780; 1962; 7523; 8618; 1793; 6136; 907; 542
8217; 8271; 9733; 9245; 6298; 5185; 70; 2015; 3937; 8278; 1100; 216; 5714; 4675; 3740; 229; 2809; 7843; 874; 23; 8520; 4920; 7604
5405; 3394; 8839; 2954; 1661; 1952; 3625; 8609; 1931; 3279; 5139; 3735; 9689; 9363; 384; 1605; 7278; 2932; 3901; 9260; 5111; 7918; 4510
8765; 8994; 3307; 9384; 3611; 6488; 2616; 4744; 1123; 1342; 1024; 2810; 3180; 7381; 9862; 7760; 9036; 4835; 6991; 1849; 4022
9773; 6030; 2460; 4983; 3346; 3406; 106; 6789; 2348; 2109; 5702; 9553; 1045; 8036; 3978; 7479; 6360; 7977; 1642; 1540; 7122; 1921; 6456; 1810; 3857; 8443
4398; 4420; 1964; 8640; 2293; 1006; 1813; 1285; 8915; 2112; 4481; 4479; 2699; 3994; 8978; 2777; 4807; 432; 8268
6414; 9954; 9269; 7289; 803; 8715; 3203; 3519; 179; 6684; 1939; 4217; 1303; 9198; 5101; 4269; 9977; 3629; 1050; 6961
2569; 597; 7783; 4287; 6332; 4177; 8019; 1364; 9907; 6733; 8451; 3631; 652; 4047; 4473; 3095; 172; 4521; 1395; 3987; 768; 3296
8221; 790; 1945; 6105; 6223; 1419; 7182; 3576; 148; 973; 7231; 1038; 6806; 5057; 4672; 1940; 699; 5506; 3358; 5970; 7661; 8887
6416; 6092; 5541; 7146; 5298; 6432; 5859; 1575; 2427; 574; 5311; 4503; 7124; 7884; 1447; 7042; 5068; 3510; 5538; 4172
9776; 731; 4564; 2020; 9139; 4467; 8550; 7666; 6337; 4440; 6513; 6389; 6970; 4417; 2779; 2421; 5386
5199; 7704; 382; 4221; 5434; 3874; 3840; 8207; 4597; 1401; 4664; 9299; 316; 944; 3736; 2925; 7606
5750; 5520; 1903; 9215; 892; 8173; 9752; 6603; 4606; 2043; 3204; 9084; 3027; 2599; 3138; 4821; 4137; 5760; 7430; 116; 7602; 3118; 24; 6325; 4626; 212
6759; 9414; 2071; 2122; 6331; 4248; 4789; 6121; 3575; 72; 9589; 3567; 3939; 6620; 6291; 6867; 5233; 7868; 3117
9238; 7592; 4966; 8554; 677; 511; 4223; 3536; 8716; 9673; 5794; 6676; 4364; 1906; 3133; 6638
5417; 2065; 65; 6949; 8959; 2074; 4081; 4428; 7335; 3441; 1350; 3478; 9272; 3651
9242; 8816; 1678; 1075; 5976; 4903; 2423; 642; 3323; 3920; 7702; 2631; 5564; 5507; 8256; 7988; 8931
325; 2148; 826; 2948; 558; 6220; 9267; 533; 3466; 9216; 2980; 6568; 2645; 8965; 8525; 9144; 2270; 9967
4203; 3052; 4149; 3848; 7220; 8331; 2502; 2565; 8791; 7200
419; 7534; 5243; 9040; 4210; 6914; 2680; 4218; 446; 5053; 2987; 9863; 8533; 5850; 7121; 5671; 9427; 3012; 7145
345; 5021; 7252; 8961; 3111; 4136; 9725; 1329; 5842; 6723; 18; 8577; 3355; 621; 364; 4090; 2208; 5314
1638; 935; 8106; 4786; 1039; 7246; 4519; 2520; 5346; 775; 3380; 966; 4060; 7008; 4366; 9041; 2095; 1201
7333; 2938; 2907; 9921; 4929; 6400; 3073; 9329; 9155; 9600; 5639; 8085; 9913; 6370; 1125
6543; 880; 3433; 1247; 947; 5539; 4278; 1191; 19; 8674; 6887; 1901; 1200; 7938; 2365
3523; 8131; 2036; 6697; 4222; 1065; 6594; 3861; 718; 5731; 6472; 8493; 2197; 663; 5665
3526; 7190; 8510; 4493; 6081; 3496; 5332; 6613; 8292; 2796
1591; 1284; 2045; 3637; 1292; 1373; 5903; 2101; 8088; 3569; 2689; 1842
823; 1604; 9073; 9127; 728; 8165; 6308; 7805; 4999; 5676
7463; 4472; 1588; 1581; 9400; 6343; 2007; 2451; 3425; 5547; 299; 3504; 6833; 4598; 4234; 3314; 3058; 2086; 9076; 7098; 3020; 2144; 6990; 2984; 183
404; 3719; 8982; 4174; 5361; 7402; 7913; 6442; 4067; 2926; 1082; 4097; 5647; 9008; 6412; 3579; 7557; 8079; 534; 321; 1079; 1700; 7543
5397; 5603; 1164; 497; 5965; 9881; 5723; 103; 6128; 3257; 950; 535; 2946; 5327; 6732; 243; 3991; 1352; 7130; 8018; 3312
3886; 3776; 7826; 1068; 1781; 2876; 2937; 6920; 8244; 8724; 2190; 9984; 8997; 6703; 3616; 865; 6781; 9884; 4945; 6521; 2851; 6078; 9566
150; 4142; 5812; 5277; 5799; 3409; 4728; 1505; 9722; 357; 4445; 7764; 704; 3992; 2271; 5635; 8161; 7306; 4844; 3030; 346; 4669; 5295; 4561; 2064; 2908
309; 5778; 9778; 4320; 255; 9630; 3778; 8933; 9550; 6946; 3758; 4236; 7330; 6863; 8223; 194; 2407; 9577; 3784; 3491; 3049; 4379; 4414; 2468; 5864
3386; 2816; 4273; 145; 3967; 8960; 991; 9856; 7176; 5909; 4716; 7188; 8178; 1941; 6373; 7390; 3627; 6049; 2546
3933; 7358; 4678; 8558; 2370; 9185; 2559; 4560; 6083; 922; 7757; 613; 2651
2031; 6842; 1508; 7448; 5589; 4488; 4964; 63; 344; 694; 5973; 4079; 8380
5661; 625; 8706; 9399; 8482; 6288; 3947; 8808; 7559; 8910; 8035; 1694; 9319; 1010; 7233; 7948
8478; 4382; 8378; 7940; 2615; 7053; 1755; 2141; 5309; 4773; 2648; 6564; 3192; 4594; 2799; 1635; 8126; 3509; 3790
1691; 8303
4545; 3976; 8552; 4553; 8926; 2802; 2884; 8239; 9614; 5225; 9874; 4241; 3297; 6739; 1025; 9758; 8694; 9832; 5408; 8862; 8945
3171; 2022; 3988; 696; 7822; 9158; 9568; 8995; 3479; 1008; 6089; 7385; 9287; 2341; 6361; 598; 6338; 8393; 376; 4048; 1855; 650; 6324
4179; 1349; 6312; 4939; 8075; 5413; 1436; 5624; 4350; 9797; 6194; 6852; 2049; 9452; 9759; 6514; 5484
6195; 4745; 2143; 9975; 4525; 5554; 3283; 8462; 2983; 1966; 3251; 3635; 8614; 9025; 3983; 622; 672; 9420; 5737; 6602
7203; 8360; 2537; 9149; 3535; 143; 8182; 7290; 8375; 8658; 7258; 3057; 8893; 2764; 9382; 8962
9429; 2976; 564; 5196; 5756; 3201; 9271; 7655; 1597; 456; 6492; 8405; 8929; 7492; 2975; 8263; 9540; 5938; 4714; 3961; 1163; 1991; 240
9765; 4574; 8861; 2703; 149; 1458; 3612; 6528; 7942; 1218; 5735; 7950; 1212; 1733; 7850; 4127; 5943; 3454; 6710; 4506
8212; 9436; 8880; 4406; 9028; 7997; 9945; 8572; 2527; 2357; 4819; 2359; 3636; 9348; 3660; 8868
2711; 5578; 8063; 3587; 6419; 5948; 7477; 66; 1081; 1530; 4434; 2968; 9657; 247; 5699; 5099; 1442; 5997; 7537; 1254; 5744; 740
3173; 5824; 1948; 1832; 6458; 2531; 3538; 5994; 2406; 3595; 6735; 6679; 7276; 6241; 5064; 1685; 4111; 669
5191; 747; 8477; 6097; 2947; 165; 5156; 7350; 7058; 9475; 4923; 5768; 1804; 1856; 2455; 4541; 1778; 3803; 4401; 3672; 2354; 4471; 4719; 3291; 3334; 281; 4762; 2795; 4018
6745; 7786; 9801; 602; 521; 2541; 4612; 5075; 3622; 4161; 4621; 4227; 5212; 6819; 9396; 3146; 8955
7419; 1969; 8860; 5908; 8265; 2707; 9404; 842; 8509; 4752; 3302; 5358; 9496; 6235; 1628; 2301; 6382; 7047; 9029; 1912
7755; 7620; 1843; 5054; 5046; 8098; 1666; 3821; 8383; 7032; 9966; 2561; 3804; 8195; 147; 7485; 4102; 8475; 1149
4188; 2772; 458; 392; 7138; 8343; 1699; 2991; 5555; 7472; 9923; 6902; 233; 2211; 679; 8243; 1869; 1173; 1129; 9453; 5106; 5242; 954; 738; 1731; 7855
6750; 3847; 7814; 8532; 707; 6428; 1521; 5508; 7108; 7094; 2477; 1511; 6938; 9762; 5792; 2334; 7853
984; 3836; 9162; 290; 7452; 1525; 4356; 9243; 1072; 2491; 9509; 8560; 1497; 175; 4766; 162; 5670; 9644; 8466; 9301; 8174
8430; 9763; 7789; 7876; 5462; 3943; 1326; 420; 3140; 5315; 1841; 7109; 7196; 5388; 8264; 2695; 125; 3633; 5763; 7250; 4608
5743; 4889; 1392; 5870; 6924; 8517; 2798; 4622; 8635; 200; 250; 1009; 829; 7171; 1743; 911; 9016; 8979; 6965; 6610; 7097; 9483; 8326
2721; 4784; 7475; 899; 4109; 6076; 4198; 215; 8688; 6163; 9071; 4958; 8147; 1249; 1076; 5214; 5496; 3060; 1523; 985
6208; 362; 2679; 9888; 4116; 8840; 2657; 1104; 4961; 7835; 1680; 5387; 9208; 6230; 6791; 8722; 4974; 4893; 2448; 3059; 8354; 5573; 3706
5748; 4359; 7274; 2630; 6221; 236; 3200; 1728; 5808; 5330; 1879; 1290; 8538; 636; 9151
993; 9798; 4216; 5584; 8567; 1130; 6611; 3061; 5869; 5141; 3464; 7601; 2845; 7401; 3370; 7987; 6506; 115; 204; 4415
998; 56; 5342; 9415; 5627; 8262; 6148; 5175; 7776; 9277; 2588; 69; 2010; 1103; 4213; 4633; 1553
2729; 9294; 5041; 5862; 9256; 9940; 3659; 7554; 8034; 1266; 1037; 612; 8712; 3588; 6700; 7720; 8657; 9749; 9870; 2785
422; 4546; 1740; 5986; 5805; 473; 3281; 8850; 3024; 9588; 3589; 2496; 4663; 9409; 1750; 5861; 7380
6217; 5062; 9147; 1909; 6617; 5215; 3664; 2633; 5124; 6683; 2203; 7864; 128; 2309; 7; 5025; 8611; 2333; 4491
6427; 2743; 9534; 4599; 4123; 6804; 7793; 1576; 6556; 7195; 2745; 3066; 9697; 2781; 3256; 1644; 5132; 7378; 6222; 9789; 8400; 3343; 3841
8448; 3971; 7781; 7568; 7904; 5039; 1739; 869; 75; 7921; 9539; 3301; 3859; 4895; 6727; 3492; 8395; 6836; 4848
9462; 385; 4873; 2079; 9576; 5809; 5264; 487; 8056; 6139; 658
6441; 3560; 368; 8155; 2434; 7487; 657; 7152; 3369; 1504; 8295; 8502; 3843; 5247; 4563; 4534; 3936; 5122; 9585; 9902
2746; 703; 9928; 7021; 2191; 2914; 7515; 8693; 2286; 5941; 8922; 279; 1456; 8594; 8072
6779; 167; 7582; 1573; 9971; 1897; 7837; 54; 7320; 1310; 3443; 4164; 8663; 4630; 6800; 7254; 4813; 5516
3845; 9303; 1461; 9010; 3493; 7030; 8574; 569; 1433; 4303; 4362; 6088; 1375; 8418; 5996; 4110; 8130; 5684; 9565
1734; 2808; 5930; 2004; 8934; 259; 8350; 5146; 6592; 7399; 9082; 4941; 788; 9095; 2800; 4258; 941; 1760; 1767; 7071
4699; 6164; 1234; 3708; 3318; 2244; 3121; 6471; 304; 1513
1616; 3786; 3286; 1020; 5786; 4325; 9672; 3375; 3540; 4996; 7056; 1647; 4583; 6950
8379; 6460; 4007; 1032; 3368; 2609; 9842
6317; 7878; 7734; 6678; 9171; 9929; 8814; 1361; 1814; 1033; 5929; 2944; 4730; 3913; 178; 2572; 6212; 528; 3139; 2849; 8553; 9050
3129; 1143; 7962; 1346; 7748; 2780; 1878; 7616; 3048; 8512; 3265; 6450; 582; 9268; 2296
3675; 3554; 1780; 6019; 9628; 2639; 3304; 1399; 7810; 918; 9296; 1660; 2525; 4829; 952; 9165; 9934; 6903; 5576; 8215; 8947; 5076
4389; 3604; 4360; 7651; 4531; 5572; 5501; 8648; 5719; 8702; 9660; 791; 4195; 9737; 5232; 7180; 9476; 2216; 1537; 6549; 5200; 2555; 7691; 9167; 885; 9447; 494
7161; 959; 8832; 5566; 1332; 9627; 6839; 6672; 292; 8930; 3448; 7563; 9113; 604; 4297; 4994; 2905; 4345; 6858; 6293
981; 8546; 7971; 4466; 6880; 4839; 9844; 8904; 5362; 1554; 3252; 8991; 8655; 4504; 351; 9284; 7892; 858; 1400; 492; 759; 6117; 1034; 3450; 222
6658; 341; 5894; 8428; 6199; 4025; 4861; 7082; 5337; 1798; 6862; 7836; 2587; 8287; 7423; 1294; 1499; 6446; 9330; 3853; 1543; 9490; 4068; 3390; 1175; 2604; 2776
8422; 6381; 3530; 4395; 409; 1047; 4708; 9398; 7990; 7689; 1546; 1421; 1502; 8750; 7392; 2806
3929; 815; 9606; 9651; 7192; 5777; 3647; 7894; 2865; 9583; 7101; 8522; 9042; 7519; 726; 8690; 7302; 7155; 2981; 4363; 3219; 3985
1145; 1833; 6854; 3342; 7263; 8617; 8713; 5273; 2504; 8579; 1837; 2803; 7471; 1654; 1773; 8519; 4199; 6130; 3145; 7762
7753; 4200; 262; 5710; 7647; 7943; 445; 3445; 3124; 3360; 105; 5706; 8954; 3748; 7600; 4737; 1374; 5172
4131; 6410; 888; 7364; 9037; 2934; 1140; 7291; 5769; 1265; 1263; 1585; 2276; 4578; 6271
871; 894; 4214; 1345; 3404; 2589; 2420; 5136; 8232; 3932; 9419; 249; 3329; 4126; 3769; 5107; 1060; 5157; 2682; 1203
901; 5557; 5459; 5772; 1527; 6790; 2163; 8981; 7059; 3817; 5182; 8481; 5493; 8429; 8337; 4353; 2726; 5682; 2300; 6012
5968; 9701; 9450; 8877; 7453; 8028; 7650; 3106
8309; 3980; 8958; 5868; 9794; 3315; 6734; 4087; 1871; 7168; 9275; 4826; 2175; 8233; 7653; 7975; 1054; 8013; 4887; 9597; 4659
2062; 1472; 5393; 7370; 5181; 4636; 1717; 5439; 5241; 6059; 839; 7617
1272; 3419; 9982; 5278; 1154; 2026; 526; 5167; 3456; 1785; 8108; 8266; 5770; 3202; 6259; 4558; 2598; 3545
2581; 4573; 2397; 1199; 6127; 7241; 1281; 6021; 7695; 3771; 1820; 6616; 451; 3831; 6752; 6738; 1872; 2585; 59; 9233; 2989; 6339
3424; 6480; 2580; 2339; 2818; 6590; 7937; 3537; 1307; 8642; 2524; 9187; 3212; 3925; 2713; 6106; 381; 3338; 832; 934
3634; 2204; 6728; 188; 2744; 2121; 6947; 6277; 4103; 7964; 4997; 4039; 5694; 4972; 3855
6952; 269; 4377; 5858; 8681; 1507; 9391; 8145; 1225; 4687; 8964; 9106; 1722; 5221; 3508; 741; 5959; 7284
6994; 2059; 26; 2014; 6593; 5523; 6508; 7701; 9528; 285; 3004; 2936; 1615; 4412; 2305; 5519; 9360; 187; 1664; 4932
752; 1636; 6107; 5928; 8627; 450; 7426; 9214; 531; 2506; 7308; 2160; 2184; 5927; 5993; 1776; 9935; 6422; 5663; 2395
1973; 2157; 7736; 3092; 8580; 462; 7017; 5852; 6918; 5726
6197; 4146; 8983; 8805; 1011; 2888; 9533; 8496; 5860; 6028; 6586; 3091; 5741; 7342
6749; 1655; 1766; 1670; 7553; 7234; 2369; 4808; 7863; 5592; 8000; 6185; 8873; 3353; 8154; 3638; 1302; 8476; 4354; 7052; 82; 1770
3686; 9786; 2607; 7467; 2786; 559; 495; 2259; 6322; 3288; 9885; 6860; 1538; 8685; 3844; 866; 1772
3687; 2574; 6625; 6807
6682; 3609; 600; 4470; 5527; 4557; 4523; 509; 786; 8892; 5040; 7738; 6497; 8328; 4704; 2902; 8313; 3402; 5382; 6939
8757; 8908; 9506; 9448; 6636; 7051; 8105; 6209; 659; 3344; 9339; 2168; 8187; 2442; 4637; 7589; 5349; 8140; 1019; 6954
2712; 6619; 5357; 7549; 1116; 9889; 909; 1372; 7619; 6814; 822; 350; 926; 5371; 1675; 8498; 8285; 3185; 5919; 394; 6618; 7707; 2436; 3781
7752; 1866; 1248; 9199; 5876; 4550; 3357; 9551; 1470; 4419; 2807; 1188; 6272; 5518; 5220
3179; 1555; 3893; 5791; 9145; 6736; 700; 8906; 7194; 2263; 6286; 4000; 6055; 2320; 7282; 1170; 4629; 2522; 2497; 7883; 4676
7211; 4327; 2792; 2091; 9038; 8437; 5461; 9417; 961; 1556; 46; 4305; 1663; 273; 9317; 9985; 7054; 3233; 7185
1968; 5872; 8454; 8054; 5253; 5569; 1274; 6652; 213; 614; 1601; 6387; 7634; 4502; 4008; 5638; 2789; 8081; 8804; 8973; 6927; 5169
8439; 3488; 7801; 1965; 7405; 910; 501; 4267; 3749; 1031; 7703; 9372; 3405; 3753; 4901; 5937; 1570; 6470; 2513; 5596; 6937; 5574
342; 5633; 6809; 2050; 5790; 9523; 7710; 8683; 4674; 1514; 6189; 6669; 7901; 4511; 9787; 1762; 8527; 5657; 198; 5953
9240; 7075; 6582; 9845; 5552; 9937; 4673; 3199; 9365; 8851; 8794; 8971; 6957; 958; 2698; 68; 3160; 7931
5216; 2658; 1867; 6509; 6250; 8055; 380; 4141; 1668; 6884; 3506; 3934; 9707; 3414; 6626; 4660; 426
8796; 671; 389; 7045; 9658; 8302; 4302; 8867; 6447; 2236; 3503; 4544; 3356; 5143; 9754; 7281; 876; 8304; 6041
942; 3690; 7919; 5648; 2391; 4572; 3710; 4820; 405; 2117; 2979; 4298; 4040; 3809; 4162; 2353; 7817; 9861; 1518; 5821; 4304; 8881
4310; 2376; 4283; 1113; 5045; 8664; 99; 4370; 1920; 9958
7887; 9612; 6169; 9124; 168; 5376; 4930; 9567; 3436; 3916; 8977; 675; 375; 2099; 6379; 4995; 8704
2859; 9188; 4478; 8324; 9514; 5924; 1077; 7068; 1732; 633; 2813; 5604; 7708; 8853; 7812; 3550; 5505; 9721
7866; 900; 817; 127; 2001; 589; 5307; 9677; 6396; 6851; 2812
1726; 1727; 541; 1437; 6844; 5194; 4330; 8141; 1340; 5674; 7517; 7794; 1441; 8497; 2449; 2185; 4916; 2828; 7446; 4653; 5292; 9936; 1989; 1279
2709; 664; 6974; 8556; 4605; 7409; 5066; 824; 308; 720; 8619; 9793; 3795; 8004; 1951; 286; 4468; 8907; 2444; 4980; 5458; 2625
6405; 2048; 5921; 8084; 5042; 6865; 6457; 6895; 7727; 9332; 8605; 9813; 4700; 4454; 4772; 3906; 5989; 5354; 6677; 4765; 640; 9118; 7558; 879; 889; 520
4390; 3461; 6754; 745; 9383; 4186; 2196; 7871; 9063; 4883; 6510; 8374; 2869; 2873; 6942; 9392; 7643; 7897; 9963
987; 7690; 5149; 9386; 2228; 4293; 3215; 3465; 6855; 9006; 1261; 7411; 5658; 4338; 9578; 8701; 2692; 9915; 1121; 4733; 359; 9734; 9646; 8914
9432; 5913; 4240; 4259; 1443; 6433; 5730; 971; 3007; 427; 5023; 1476; 9163; 500; 9461; 4062; 6544; 5127; 9684; 3348
2564; 1468; 8806; 3490; 9314; 7311; 6517; 6818; 7141; 4347; 8566; 6402; 6056; 120; 1208; 2971; 400; 3676; 1159
7207; 8301; 2312; 9699; 2909; 5918; 8205; 1863; 9283; 8946; 2110; 780; 1365; 9603; 9249; 1122; 3972; 9366; 5031; 3894; 4831; 9882; 8107; 1086; 7009; 2318; 8731
2714; 5087; 3763; 9946; 6215; 6706; 137; 7134; 4261; 7733; 8042; 8539; 681; 1930; 1987; 2229; 9204; 9999; 9361; 9189; 8039; 3533; 6225; 2430
5403; 4978; 8646; 7133; 3814; 624; 7015; 7694; 9408; 2621; 6992; 4066; 9623; 5800; 9852; 3079; 9183; 7271; 8602
312; 4942; 5709; 6094; 9107; 2830; 8041; 873; 9560; 6037; 4914; 2193; 49; 6828; 7682; 1177; 3615; 6256; 4004; 3864; 8695; 3359
5407; 3311; 527; 138; 6267; 7376; 9949; 79; 2425; 3044; 3688; 3693; 8333; 5931; 8238; 7529; 1771; 1880; 8007
3395; 1805; 9724; 9499; 1432; 6539; 8777; 5118; 340; 1298; 8363; 2118; 3879; 930; 5481; 4866; 3958; 1572; 4437; 5599; 5813
4193; 3705; 1492; 1958; 7980; 1235; 7504; 1360; 2684; 9843; 3593; 5793; 4756; 8749; 2646; 2155; 9394; 1450; 1381
5411; 9541; 5092; 6526; 1673; 5415; 651; 3794; 9141; 223; 6885; 857; 6518
4404; 3327; 448; 8330; 7279; 6681; 9252; 2573; 3825; 3324; 8100; 4100; 3624; 7893; 3253; 5729; 4001; 580; 9190
7219; 4954; 6368; 7800; 5177; 4768; 277; 1580; 9059; 3431; 5568; 4507; 8359; 22; 7848; 4960; 410
9445; 391; 5900; 3267; 2643; 1273; 2343; 7339; 4570; 3087; 2755; 2985; 2791; 7831; 3734; 518; 9048; 9239; 4308; 5528; 2047
2727; 6688; 4953; 9529; 5299; 6146; 975; 8799; 4948; 7150; 3042; 8235; 4847; 4527; 3415; 6320
424; 8986; 3194; 4801; 3266; 7088; 7797; 6788; 6870; 7838; 34; 6254; 4376; 3069; 7671; 6156; 1797; 7544
9241; 5322; 3968; 4988; 9942; 2797; 2246; 1970; 9411; 2105; 7454; 9916; 5252; 3457; 7026; 6573; 1891; 8865
5759; 2317; 6188; 3309; 7700; 610; 1735; 7103; 4698; 8368; 943; 8158; 9671; 4536; 7989; 9602; 3107; 5151; 7186
2557; 4215; 8459; 2375; 1709; 7169; 1141; 3584; 1885; 1923; 9857; 5449; 20; 6341; 7881; 6775; 1607
982; 6070; 9117; 723; 9619; 2765; 9497; 7633; 2235; 6685; 8514; 1656; 7410; 710; 2277
9255; 3668; 5628; 3614; 4475; 7363; 6279; 31; 6722; 8988; 2503; 8024; 7791; 6502; 7498; 235; 6792; 5318; 9027; 3330; 8739
4855; 7947; 4380; 9282; 3055; 7880; 8015; 6635; 7591; 2213; 7811; 4638; 6951; 9020; 9103
7337; 7512; 774; 7530; 7072; 7658; 4654; 8103; 52; 6541; 5978; 6861; 3548; 8801; 616; 638; 9313
4277; 8076; 2215; 1703; 4093; 6911; 3361; 4317; 7888; 3954; 7595; 3426; 3650; 6264; 9961; 5370; 4255; 9407; 9356
7022; 135; 8382; 5178; 9191; 6977; 2097; 2591; 4817; 4648; 5956; 6175; 7114
2247; 1659; 1376; 9840; 4484; 673; 6168; 4135; 584; 6670; 1641; 1477; 5060; 3310
9664; 4604; 5783; 7978; 2519; 1196; 5381; 443; 3335; 6547; 1569; 3875; 8321; 8667; 9069; 4096; 5096
1658; 3787; 136; 2964; 6916; 2978; 5688; 5685; 3159
684; 2696; 7503; 9743; 3896
2239; 7716; 3685; 9569; 6434; 8632; 7782; 9434; 4416; 9463; 4913; 5262; 974; 6726; 8836; 2054; 3019; 8728; 2942; 9675; 6969; 4902; 303; 5412; 7422; 9443
3423; 9344; 7117; 2638; 785; 5162; 4782; 463; 7593; 3371; 8160; 1110; 5673; 8529; 2114; 9819; 7438
5482; 5347; 6227; 908; 2405; 8370; 9276; 3655; 5776
8213; 5817; 3907; 6034; 4182; 6278; 8780; 5683; 2127; 7228; 3878; 5338; 9838; 903; 6057; 465; 9633; 260; 4265; 8148
5442; 6240; 7907; 8416; 770; 5905; 3910; 3999; 3035; 9457; 3779; 9046; 5035; 3820; 4352; 8656; 763; 360; 4863; 3340; 9542; 7189; 9236; 6604
3385; 9081; 1998; 3238; 795; 8615; 8083; 1712; 3110; 7251; 9442; 1895; 4796; 9368; 6380; 9667; 1483; 3428; 4178; 5336; 9826; 816; 9355; 6483; 1413; 2058
4183; 8871; 2893; 7949; 3924; 9804; 8329; 9995; 5701; 5897; 8241; 479; 4805; 1693; 9137; 6411
4981; 2150; 3963; 4522; 6987; 2297; 8453; 6769; 7404; 7244; 4228; 3032; 691; 1548; 1473; 1676; 1547
6704; 2453; 4501; 2674; 7208; 4908; 396; 6984; 7564; 1000; 7312; 3682; 6080; 6216; 9598; 2534; 9393; 5261; 8902; 5667
2116; 3796; 5529; 4944; 4235; 9353; 2258; 4328; 9480; 4593; 8116; 3911; 6711; 7116
4905; 9460; 821; 2403; 5936; 4340; 5209; 8521; 7745; 9358; 8289; 962; 626; 4795
5749; 6316; 5782; 3109; 8294; 6973; 2332; 8826; 3372
1115; 1929; 1827; 5499; 3142; 7151; 6073; 3605; 435; 266; 6797; 455; 4115; 4702; 5524; 8950; 8012; 1924; 2139; 7374; 2378; 9019; 7749
4683; 2039; 9221; 3511; 1348; 88; 7500; 643; 6112; 8665; 9431; 6075; 1080; 4838; 7991; 814; 1124; 453; 3341; 2669; 8310
5145; 4816; 9795; 1245; 2738; 6437; 1959; 2628; 8420; 3115; 868; 3168; 5004; 7594; 9085; 2554; 556; 800; 2763
9683; 8251; 705; 2021; 4088; 3998; 6624; 2206; 6962; 1590; 2533; 3290; 1674; 8882; 2801; 8153; 5479; 8467; 9545; 4656; 9156
4644; 1925; 2222; 9575; 9558; 8545; 1107; 1306; 4882; 6313; 3989; 402; 9564; 4601; 4899; 5698; 9244; 4959; 9161; 5430; 8010
9222; 8219; 2901; 5183; 3438; 8740; 7874; 5517; 1716; 6167; 8864; 7060; 4035; 566; 3029; 2949
2006; 1809; 3364; 4046; 5201; 1744; 8755; 515; 1015; 5279; 3230; 2528; 8885; 2254; 5263; 2338; 9482; 4219; 6336; 9906; 3331; 5081; 6451
3935; 4059; 8192; 5416; 3269; 2458; 2161; 1564; 5246; 4681; 6931; 4595; 9638; 5594; 805; 1358; 8471; 8891; 1938
4691; 4741; 9648; 5276; 9213; 6536; 701; 6623; 8095; 4157; 7175
877; 6832; 1127; 209; 4036; 3905; 2827; 6555; 7236; 9544; 2856; 8616
1308; 4151; 8918; 4394; 7137; 9899; 5171; 8017; 2131; 1288; 337; 5294; 1522; 5316; 7018; 442; 7965; 4375; 5844; 835
4391; 1600; 5780; 2242; 3654; 4555; 7334; 4170; 2133; 9880; 630; 6878; 3191; 8125; 8255; 339; 5966; 8653; 4724
9769; 749; 190; 2288; 5767; 5906; 7982; 306; 7073; 1185; 7243; 3851; 1367; 1599; 4575; 9846; 7845; 3246; 2437; 1960; 5830; 3832; 5590; 732; 4685; 1046
8426; 553; 4207; 4403; 2016; 7705; 9912; 782; 51; 4339; 4769; 5352; 1101; 2826; 6850; 9176; 6993; 7819; 3401; 2379; 2192; 9102; 1624; 3365
9772; 7895; 3824; 3721; 6326; 9254; 8895; 185; 4695; 8122; 8743; 7421; 5047; 9367; 4998; 6321; 208; 7761; 5825
5742; 4976; 1168; 3684; 5745; 9739; 4031; 6327; 4246; 1992; 702; 6342; 7914; 5271; 8214; 8407; 1187; 1158; 2542; 6024; 248
4399; 4537; 8651; 3350; 8366; 1996; 3427; 8783; 579; 7767; 1558; 5079; 9994; 9663; 2821; 1328; 9781; 7005; 5236; 2331; 2899; 972; 609
6205; 7227; 3752; 3189; 7631; 6598; 3914; 2656; 4840; 4677; 6234; 274; 9471; 6001; 1544; 2928; 7091; 5455; 2650; 4294; 2057; 4971; 5483
9775; 6758; 2404; 6762; 5135; 8764; 8601; 6588; 1305; 7235; 6782; 3262; 5952; 3895; 9446; 5912
8432; 6976; 977; 4043; 2863; 7970; 6757; 5452; 32; 6550; 1653; 662; 1028; 8610; 155; 4851; 2249; 3484; 104; 8040
4402; 8844; 7610; 6771; 5404; 9925; 3571; 7986; 2880; 3442; 6394; 2113; 8576; 3628; 5980; 4927; 4580
6210; 761; 6534; 2478; 2864; 1765; 5288; 4665; 3711; 7832; 7433; 8276; 6335; 7532; 2970; 151; 2634; 1341; 2475; 4603; 3808
9783; 186; 4543; 8774; 1860; 4266; 9532; 9234; 5490; 4041; 8033; 5504; 1850; 5179; 9694; 5601; 9957; 196; 3254; 7958; 8373; 8987; 940; 5274
6214; 2383; 124; 3966; 7981; 6874; 1453; 4002; 8092; 6772; 5550; 8943; 1759; 9074; 6270; 6065; 920; 2997; 4112; 7565
6226; 872; 3543; 7037; 8524; 5979; 6746; 9536; 8967; 1623; 9007; 6124; 2940; 8489; 397; 4118; 3258; 3339; 3601; 241; 1126
9796; 8245; 8763; 2485; 6560; 3017; 2601; 2170; 2484; 1549; 6357; 4919; 3552; 2188; 6142; 9021; 1417; 1469; 4497; 2733; 5622; 1634
6233; 1215; 9716; 8748; 4645; 6036; 6978; 532; 875; 2250; 7424; 485; 2494; 8909; 4105; 2762; 7675; 2972
7542; 1539; 3539; 8282; 8890; 1904; 7249; 3977; 4703; 8339; 5718; 3467; 7295; 4517; 905; 4284; 7779; 2393; 1219; 1236; 8011; 1386; 5238; 4881; 8358; 8257; 3938; 7795; 3305
5319; 8940; 1950; 2435; 8842; 8935; 2096; 9494; 8599; 1792; 5097; 2881; 7387; 7882; 5223; 252; 3002; 6563; 649; 6519; 2724; 310; 2384; 193; 9065
9351; 9723; 9487; 1876; 2962; 6252; 7230; 3015; 7739; 2454; 9108; 7652; 160; 7698; 5972; 9444; 358; 2023
9352; 9731; 7307; 9964; 4463; 407; 326; 6834; 9177; 3; 7612; 4780; 9380; 8778; 9516; 1886; 898; 592; 4567
4859; 4837; 7646; 1803; 5015; 1095; 5188; 2380; 4247; 8120; 5377; 3737; 6651; 4113; 755; 6329; 7206; 4003; 6349; 6917; 3562; 4865; 9159; 4877
1738; 585; 8913; 5841; 1291; 5579; 6102; 9164; 9099; 3774; 9746; 4373; 7483; 7578; 4107; 8419; 9829; 6972; 635; 439; 8159
369; 74; 6922; 3400; 7829; 7222; 177; 3702; 7684; 9121; 2953; 6300; 8608; 9979; 1608; 9331; 132; 2593; 2737; 1059
8899; 6928; 8720; 5353; 5951; 3447; 2861; 3292; 6577; 8228; 2912; 3205; 754; 2847; 1144; 5457; 7827; 1946; 8734; 6823; 8319; 8118; 9200; 715; 3393; 6864; 8671
4868; 1202; 3898; 5007; 6017; 1096; 14; 8318; 6251; 6756; 4139; 4083; 9709; 8585; 4581; 8113; 3678; 8166; 8077; 8905; 8668; 9130
7556; 9515; 2177; 5716; 9500; 5133; 3811; 4955; 7859; 7696; 7143; 4173; 9525; 2000
1157; 2523; 4726; 3243; 5967; 3645; 7166; 4017; 7936; 3505; 7001; 1684; 1498; 9690; 2706; 6511; 3298; 6362; 1405; 7034; 4285
4871; 4446; 50; 5389; 4341; 9261; 6538; 2871; 856; 2566; 6583; 7329; 3993; 3775; 9044; 9818; 2046; 1531
3528; 7482; 6764; 4438; 796; 9501; 1194; 1775; 8570; 327; 8137; 6319; 2862
5334; 7806; 2579; 3101; 2577; 8101; 9986; 6813; 3551; 7256; 1758; 1193; 2753; 3549; 2108; 9811; 4850; 2844; 8812; 964; 9561; 5581; 3417; 6406; 7178
9369; 491; 561; 3739; 6572; 9554; 8766; 3997; 8237; 1454; 8291; 1981; 855; 5165; 9087; 8629; 7286
1751; 4194; 2233; 7442; 798; 6671; 3700; 5222; 7090; 827; 2325; 9202; 7459; 7697; 5571; 1779; 9727; 7261; 4212; 756; 2073
7566; 2841; 9609; 9274; 8666; 5570; 4351; 3782; 4842; 9257; 8377; 6238; 9295; 9467; 7035; 7163; 7113; 2412
1179; 692; 6064; 7712; 3726; 4201; 8565; 5131; 5472; 6315; 1800; 4800; 1914; 6005; 2284
8916; 7403; 3835; 6062; 2238; 472; 3474; 2461; 97; 6306; 7209; 9154; 9488; 9309; 7535; 7172; 9745; 8607; 3023; 830
3544; 4666; 8168; 2482; 9761; 1491; 6098; 6032; 2440; 4335; 7216; 4743; 7466; 3264; 4657; 5963; 7292
7576; 1377; 3798; 2750; 6959; 4184; 6905; 6023; 1035; 8392; 1073; 8170; 9186; 6964; 5692; 9335; 2174; 9608; 7693; 393; 6597; 7813
5351; 4106; 4588; 5526; 9527; 5249; 6114; 6640; 6798; 224; 8169; 156; 9079; 2227; 6131; 5487; 5503; 2349; 377; 5889
8463; 9591; 6523; 7963; 2372; 3222; 3876; 2124; 6558; 2367; 1393; 2220; 581; 2839
6661; 8557; 2104; 8091; 8504; 6276; 7127; 5084; 2356; 1983; 3766; 2969; 9333; 9088; 6183; 4628
8006; 4324; 4065; 1331; 4830; 6500; 3319; 7444; 6; 6923; 5269; 8254; 60; 9555; 6174; 8505; 1592; 3416; 3555
8470; 813; 8388; 6856; 7210; 4242; 28; 1516; 4056; 1568; 8349; 3418; 3807; 5826; 9129; 2784
8479; 5234; 2774; 9209; 605; 2952; 5229; 2896; 8209; 8591; 2811; 7511; 2715; 2596; 5896; 7356; 6157
6674; 3965; 2; 2758; 5368; 8792; 919; 2578; 867; 5720; 5300; 8710; 724; 716; 2840; 8104; 1667; 408; 1440; 276; 2530; 1251
8484; 4651; 9703; 6996; 5690; 5466; 3962; 5166; 8197; 6857; 2993; 632; 8275; 6913; 9989; 2464; 8993; 7131; 6629; 4148
8486; 1829; 3021; 1296; 1256; 449; 7347; 1681; 4758; 9321; 2778; 851; 1888; 6562; 460; 428; 3207; 1220
8487; 7725; 8951; 5829; 7759; 2068; 6569; 5447; 7007; 7608; 1287; 1795; 8788; 4238; 2732; 3127; 3689
3996; 483; 3008; 1474; 1460; 8312; 8531; 1335; 6811; 1884; 9601; 7255; 772; 7314; 7383; 2700; 8518; 1301; 8561
387; 9625; 1252; 1041; 1706; 7253; 2452; 6242; 9983; 9823; 3154; 5198; 8190; 2490; 9512; 244; 7823; 3381; 2852; 5219; 6176; 2025; 1026
2543; 9455; 4712; 9327; 8858; 7455; 8578; 5654; 5580; 4791; 3869; 2470; 2602
5787; 2576; 6066; 8817; 2125; 9837; 311; 3376; 8206; 6955; 9456; 6093; 2815; 1529; 5251; 5542
5789; 5703; 1609; 8179; 9; 2042; 2675; 955; 3280; 3909; 2130; 1336; 4274; 8051; 8709; 6302
38; 5014; 3959; 9093; 5619; 210; 2052; 1986; 5043; 7111
3105; 1309; 8730; 989; 5992; 8650; 6385; 4655; 8134; 3819; 5471; 45; 3477; 6873; 3783; 2088; 7400; 9135; 8086
3572; 7508; 8307; 2350; 3188; 3730; 6998; 8096; 1774; 7985
7609; 519; 9740; 9686; 2385; 6274; 687; 4270; 1414; 2678; 7407; 8181; 4272; 3887; 9513; 5874; 4584; 4138
9841; 9610; 7359; 7041; 2398; 3151; 8110; 8124; 5431; 8597; 5286; 6830; 6552; 2479; 8589; 9080; 3255; 9511; 3765; 6796
8925; 3001; 3858; 8132; 1822; 6729; 8252; 7790; 6489; 8335; 2788; 9747; 2158; 2480
4894; 6827; 4508; 5013; 7488; 3788; 680; 5069; 670; 3608; 808; 7379; 3062; 7221; 5901; 6449; 5689; 9854; 4094; 4668
6702; 7867; 5270; 4528; 1074; 3037; 4662; 1016; 2085; 6548; 3152; 2833; 297; 7375; 5168; 1838
2672; 6755; 655; 5822; 5626; 8057; 6111; 6817; 3872; 8094; 2153; 1515; 8260; 1954; 9510; 7636; 298; 5615
6258; 7202; 7086; 6261; 3591; 5005; 5873; 7167; 9246; 9083; 2352; 4924; 6843; 8117; 850
1390; 1192; 7877; 8052; 9674; 4051; 5470; 861; 1617; 3885; 3131; 8835; 8717; 7723; 4975; 9655; 6404
2360; 8087; 6029; 7372; 5535; 9153; 5640; 7232; 4078; 5536; 2505; 1794; 5419; 2214; 4781
9927; 3322; 7062; 3927; 3241; 1135; 8367; 1493; 5982; 2756; 8669; 9750; 3667; 6376; 764; 499
3224; 8351; 4314; 3699; 1922; 9229; 3759; 2509; 2488; 2009; 7804; 5163; 5925; 2019; 1704; 536; 4640; 8815; 6172; 9226
9522; 1890; 8810; 2199; 3463; 7798; 4625; 1465; 469; 2128; 5296; 328
1933; 9557; 7326; 4646; 1848; 5991; 6151; 4742; 1268; 9298; 5154; 7318; 7388
6579; 9440; 5432; 9883; 2051; 2941; 9556; 9449; 999; 214; 199; 2629; 4073; 2029; 5280; 6637; 639; 6747; 7288; 352; 6369; 5877; 6487
5733; 4431; 4885; 6424; 6649; 2988; 3103; 837; 6872; 2617; 4857; 1002; 6841; 568; 454; 9306; 1823; 4709; 4984; 2568; 8745; 3293; 2210; 9634; 7792
4727; 1007; 1317; 4086; 2665; 2056; 9142; 7038; 5834; 7865; 9466; 3486; 189; 6664; 1105; 4812; 804; 2725; 870; 4015; 7033; 3902; 1117; 4548; 2882; 1452
7751; 4615; 4880; 58; 9045; 2474; 3918; 1471; 7077; 1533; 5605; 3083; 9668; 4456; 6784; 8559; 818; 3772; 3090; 8623
8760; 4631; 9665; 6344; 5839; 2446; 5394; 5465; 893; 2996; 4499; 5917; 9659; 6484; 4860; 4732; 8752; 1975; 1137; 92; 5211; 1238; 6633
9768; 3122; 8290; 2600; 2551; 2103; 6143; 192; 36; 6761; 6224; 8942; 1169; 6170; 9379; 6386; 3362; 6294
3723; 887; 9738; 6436; 5355; 552; 6182; 9265; 4886; 6125; 1559; 5; 1382; 8023; 8123; 8949; 9128; 5129; 629; 1610; 9834; 5255
4396; 7272; 3075; 6150; 478; 6982; 5065; 525; 10001; 444; 6314; 7262; 4211; 7396; 6007; 7327; 8645; 3618
3727; 5256; 3206; 9125; 6152; 1748; 4679; 5018; 7040; 2915; 9917; 7299; 2673; 990; 4552; 4815; 3321
9441; 4667; 5420; 2894; 81; 8288; 6482; 6141; 4099; 2459; 9237; 7772; 6011; 9973; 1004; 7162; 8872; 1526
8224; 3033; 7597; 8526; 4441; 6249; 8828; 8660; 8259; 5049; 2516; 7879; 5691; 4610; 8121; 5369; 2652; 2292; 6006; 4869; 7802
8776; 1552; 2853; 2943; 3088; 2171; 7107; 7223; 2033; 1943; 2507; 1652; 9613; 3698; 751; 2582; 8996; 7570
5418; 3899; 820; 7605; 946; 9764; 8670; 2690; 7474; 347; 1339; 7398; 3524; 8449; 7743; 5026; 7391; 4717
6429; 7031; 8753; 4682; 5560; 560; 6690; 4823; 9096; 6115; 1237; 8021; 3468; 4465; 8818
1993; 1643; 3547; 9413; 2966; 9422; 4279; 3785; 5113; 6260; 9849; 9502; 7480; 6155; 2066; 5083; 6328; 7590; 6707
1481; 5437; 5971; 452; 77; 2499; 4565; 1282; 8175; 5028; 1243; 7093; 2614; 5291; 7283; 1944; 5884; 4080; 1091
1351; 6171; 6890; 2535; 372; 5807; 7198; 95; 2654; 8852; 3952; 9403; 3260
8060; 3833; 67; 7365; 6802; 9552; 8356; 6794; 4566; 1044; 3067; 5010; 62; 3218; 5585
3068; 8823; 912; 6910
862; 8109; 5363; 6981; 4458; 1665; 8348; 7649; 7473; 9325; 4295; 6478; 5488; 7264; 3147; 5878; 2463; 1022; 8005; 8969; 6067; 620; 2202; 3498; 5137; 9311; 1763; 2644; 2123
29; 3764; 2957; 9052; 7628; 3747; 25; 2773; 2371; 9711; 776; 5082; 3148; 6378; 1205; 4734; 275; 5514; 6010; 5071; 5708; 6096
2877; 3868; 3108; 5926; 2701; 8136; 2495; 4063; 8037; 6137; 4474; 3102; 7340; 4987; 6826; 7520; 7366; 4897; 42; 6132
4684; 6929; 3733; 6289; 5950; 2723; 6403; 2107; 1369; 1926; 7470; 5012; 3883; 6522; 9428; 8469; 3026; 4342; 591; 2083; 9947; 994
4435; 1475; 7816; 3071; 5875; 5391; 8468; 5235; 2467; 6693; 6060; 3050; 5205; 6960; 4189; 6893; 6503; 8953; 8540; 17
9266; 7004; 3197; 7729; 6340; 2419; 5226; 5186; 83; 9695; 925; 78; 3990; 5110
8176; 6725; 3041; 8854; 6877; 1677; 3337; 9017; 9374; 8600; 2287; 3725; 5210; 3955; 3284; 7718
8218; 6930; 3184; 5914; 8897; 8246; 3261; 3056; 5886; 846; 3656; 8016; 169; 2132
5406; 5305; 2310; 4124; 7240; 5891; 2736; 6831; 8770; 3921; 2162; 9997; 3235; 1155; 2053; 5845; 7349; 8603; 5364
2891; 8636; 1595; 356; 8340; 4264; 388; 618; 6979; 4806; 9965; 8249; 9547; 9470; 4586; 6595; 9835; 6126; 9426; 4858; 4828
2771; 6565
3692; 7179; 4556; 7676; 9150; 6883; 1898; 7469; 5266; 2967; 8563; 9224; 3974; 4268
7415; 4739; 1487; 2070; 8362; 6014; 4076; 8661; 8446; 1749; 1900; 9133; 6086; 1438; 4711; 1404; 2722; 414; 5159
8425; 5125; 8621; 563; 8798; 4647; 4705; 8357; 8698; 5686; 1333; 2822; 5121; 3388; 3229; 5565; 3471; 1618; 572; 8775; 9349; 953
8427; 6359; 7561; 9584; 8183; 7951; 6358; 1631; 9032; 3581; 9520; 3602; 401; 3225; 932; 3181; 9416; 4448; 8911; 8376
6206; 7361; 6829; 6708; 7717; 108; 2055; 8058; 9300; 7732; 3731; 933; 9806; 4755; 7673; 4770; 5614; 8345; 1061; 8102; 8346
8772; 4804; 9847; 1423; 119; 3237; 8199; 7547; 9853; 2741; 3512; 4940; 7579
3398; 7824; 8548; 5324; 5150; 6606; 5476; 8452; 1736; 4337; 3677; 8341; 5359; 9270; 8151; 9134; 2253; 4875; 3234; 7266; 9836; 2552
3399; 5854; 1769; 2189; 557; 3244; 1114; 7909; 3564; 656; 2605; 3074; 457; 9468; 9978; 2388; 8756; 1985; 9914; 3411; 3223; 3880; 3620; 7080; 617; 4524; 3964
5752; 9941; 6529; 864; 9996; 5866; 2408; 6477; 3473; 1784; 3709; 7915; 1311; 1815; 142; 936; 8495; 7740; 6980; 5636; 9790; 6546; 2313
343; 9814; 4411; 9055; 7924; 4811; 6466; 2547; 6399; 7581; 4009; 3231; 7177; 8708; 9517; 272
6426; 1180; 5425; 302; 3228; 1708; 2382; 5152; 8025; 1840; 3751; 2392; 4547; 5955; 5029; 1905; 3805; 9477
8444; 1714; 5467; 3568; 6246; 9014; 5423; 3632; 6612; 3565; 4690; 1582; 645; 8582
5764; 8491; 1768; 8361; 9389; 6058; 2904; 709; 9816; 3561; 2883; 102; 7706; 153; 2081; 6926
4423; 1138; 4253; 4121; 3422; 4785; 721; 7685; 7449; 7357; 4607; 3128; 4013; 4990; 6013; 7070
3517; 4225; 4145; 7294; 8128; 3242; 3112; 2867; 3948; 8677; 502; 9173; 8989; 4979; 6079; 9318; 3649
5326; 7039; 5485; 6578; 5074; 5510; 4904; 9918; 2431; 9405; 7621; 9618; 7268; 787
8898; 2450; 4793; 121; 3640; 8633; 8593; 5248; 7148; 1917; 5050; 7125; 2667; 5456; 3245; 1040; 2433; 2832; 8135; 9412
5112; 4256; 1430; 1316; 7142; 6607; 2868; 4670; 7993; 2335; 3354; 6043; 6838; 2401; 2805; 4592; 5282
9865; 5038; 8725; 5375; 73
2298
4; 5390; 1846; 7954; 588; 1042; 8768; 937; 1232; 4635; 540; 1267; 9205; 3198; 5410; 4490; 1621; 8399; 9666; 2664; 3096
6407; 5582; 7478; 3214; 4290; 3130; 9264; 296; 6144; 2205; 3777; 8751; 9953; 9873; 576; 7854; 4906; 6655; 3862
7205; 9320; 7640; 1887; 4761; 7920; 4250; 4311; 9458; 7310; 3137; 4026; 9848; 9179; 41; 2265; 8820; 6104; 1324; 9521; 9879
3177; 3707; 7505; 4760; 3696; 9970; 713; 8196; 2152; 9094; 3877; 3791; 9026; 2273; 5258; 7588; 4024; 3657; 5475
4731; 3412; 9067; 5017; 3451; 5833; 4204; 1380; 6507; 5945; 4300; 4559; 6886; 2381; 9621; 7135; 2156; 1338; 1683; 4442; 7573; 8177; 2342; 3534; 355
9438; 4862; 8172; 333; 6714; 969; 3099; 5556; 7434; 9784; 1150; 2783; 668; 1816; 406; 6393; 8598; 7957; 8372
1001; 6295; 7927; 7100; 5515; 8884; 7926; 983; 1857; 9693; 8188; 2187; 6605; 5469; 4016; 2241; 828; 3501; 2918; 7857; 9232
4191; 3590; 6777; 2514; 9901; 1064; 6486; 3891; 5427; 7486; 8924; 3546
6420; 1383; 2183; 1520; 8980; 6537; 3642; 4715; 8501; 4530; 8386; 2169; 4890; 7197
8436; 7016; 8082; 9138; 8562; 4361; 9211; 2324; 1174; 289; 6372; 9571; 3930; 6122; 3098
319; 253; 265; 7796; 423; 1834; 4686; 3577; 7598; 5245; 6966; 7903; 3031; 3532; 2734; 3648; 1214
9782; 1083; 5796; 173; 3217; 2119; 4818; 7345; 144; 7050; 3871; 8803; 8612; 2368; 6100; 5450; 2165; 771; 8705; 2194; 6793; 7518
433; 5312; 5960; 9808; 9508; 7785; 4936; 4542; 2290; 2032; 2731; 819; 2100; 3900; 7502; 1500; 3287; 2529; 3161
980; 447; 9388; 9605; 3599; 1826; 3520; 3826; 332; 8903; 8789; 7585; 5563; 6162; 2924; 3915; 7939; 3472; 2637; 3761; 9812
8784; 2855; 1389; 1190; 3951; 797; 2752; 8968; 7969; 5436; 7996; 2027; 4494; 9401
9251; 459; 171; 5561; 1368; 5016; 221; 7807; 6505; 2539; 8464; 10; 256
6229; 2708; 5078; 7625; 3928; 8336; 1314; 3940; 4909; 9070; 654; 8369; 395; 8813; 7369; 6915; 4307; 543; 7657; 2878; 8889; 4243; 2040; 2120; 7637
7238; 4386; 1503; 3462; 6091; 6494; 5310; 9310; 7462; 4516; 3683; 9807; 7269; 4965; 8048; 7844; 9473; 596; 4884; 8408; 7992; 5543; 4973; 3089
7784; 131; 5999; 2075; 1495; 8279; 9357; 8410; 3919; 2931; 1868; 9833; 8045; 2823; 2078; 5285; 8171; 6808; 4836; 4054; 4374; 3446; 9002
9802; 4775; 48; 5567; 386; 949; 5618; 4130; 8723; 8876; 4802; 5704; 7321; 7972; 6666; 8928; 5438; 30; 1893
5227; 2622; 9682; 6999; 9548; 4014; 8325; 4589; 4658; 9531; 8089; 6589; 914; 1620; 860; 6475; 1069; 4943
757; 6571; 7024; 6840; 1626; 6940; 9526; 9991; 1255; 1936; 2623; 246; 5693; 7551
8547; 2173; 4485; 8825; 5934; 1451; 6108; 6730; 8821; 493; 3470; 3570; 7713; 5502; 2077; 1183; 5644
6323; 4104; 1799; 6310; 4596; 1434; 5721; 9291; 8700; 2820; 8156; 7303; 3259; 4689; 513; 1228
9894; 2303; 2697; 4505; 852; 2759; 9334; 5090; 6040; 2935; 6180; 5441; 3679; 9687
1182; 268; 2094; 3459; 4985; 8513; 9484; 2922; 2875; 1013; 9590; 5443; 367; 682; 2034; 5086; 6493; 3837; 7265; 6453; 8311
4992; 270; 2584; 3440; 9757; 2553; 1226; 4957; 5019; 7692
2655; 8604; 8534; 4706; 6479; 504; 9951; 2685; 1312; 8718; 1889; 2532; 3827; 7632; 5089; 9831; 3574
5806; 6345; 7412; 737; 2903; 7105; 2396; 9175; 6296; 4535; 646; 9281; 2252
2831; 9741; 1097; 1189; 8675; 7527; 205; 9944; 7300
6198; 2486; 2411; 1318; 4480; 6318; 4012; 2179; 7584; 1347; 1048; 2550; 9181; 9342; 739; 6045; 1574; 1181; 8270; 8146; 9543
7245; 5630; 5855; 7641; 7644; 8568; 3745; 2266; 4568; 6290; 9574; 1747; 5802; 470; 9104; 467; 8847; 9123; 2558
9933; 6161; 744; 5935; 8227; 3889; 1416; 1892; 9377; 1883; 3232; 1246; 6835; 6002; 7078; 7742; 5511; 8541; 2597; 3754
5734; 166; 7925; 6476; 203; 7898; 8742; 4579; 2248; 1167; 5094; 6439; 5020; 9381; 9290; 8355; 7393; 7995; 9700; 3196
9726; 8984; 1463; 4912; 5303; 5881; 7239; 9326; 3713; 733; 4061; 466; 9481; 1927; 3392; 3607
1018; 7280; 1686; 4854; 4736; 8272; 7368; 8162; 517; 9867; 5646; 1178; 5775; 2659; 9887; 4129; 5085; 261; 484; 6193
314; 881; 3043; 3800; 8499; 9903; 6269; 3716; 6803; 2556; 9872
7011; 9051; 8458; 7491; 6304; 9930; 8613; 3516; 7825; 4455; 8703; 1017
4037; 334; 7613; 1721; 1916; 415; 1085; 1480; 9586; 9115; 4707; 2447; 4787; 6425; 4244; 7672; 6639; 5401; 9920; 951; 6413; 4237; 5762
7622; 7057; 7834; 3669; 3170; 9704; 5509; 6901; 3897; 5421; 4934; 1102; 3113; 6881; 2493; 418; 594; 8059; 5343; 9430; 9166; 9886; 4620; 7305
89; 7683; 3801; 9489; 1627; 2217; 7389; 9474; 3082; 5707; 383; 6140; 461; 3720; 2571; 1688; 734; 9748; 9307; 489; 5000; 1062
3213; 2321; 1990; 6035; 9148; 4134; 8316; 3960; 1982; 590; 6657; 4554; 5958; 438; 5583; 4834; 676; 3208; 1828; 1259
6699; 5080; 4275; 3975; 33; 2285; 1426; 5203; 6630; 4336; 5939; 1043; 7766; 8528; 3403; 9691; 5534; 7428; 2498; 8659
3970; 7552; 6673; 8483; 5668; 1612; 4239; 4091; 811; 6101; 6160; 4084; 8875; 5240; 1036; 6159; 8841; 7955
2315; 1745; 1217; 2138; 5429; 9207; 4288; 3011; 627; 5011; 2770; 6689; 7119; 8638; 6744; 1321; 7808; 8070; 3480
979; 4439; 9491; 8535; 1853; 7270; 2973; 5616; 7354; 2814; 9253; 7862; 7587; 6557; 4280; 4783; 4949; 8511; 114; 9060
1972; 1484; 8595; 9174; 5531; 5632; 4693; 825; 6545; 9337; 7788; 1651; 4075; 2930; 3275; 8385; 1090; 4926; 7626
2670; 4143; 7013; 8782; 4262; 5922; 8440; 6720; 4962; 1402; 7721; 2819; 2716; 510; 4721; 1486; 1980; 9235; 986; 4933; 3150; 9373
8424; 2749; 1646; 2742; 9112; 2347; 4185; 9058; 6501; 498; 27; 7429; 4509; 6033; 338; 5521; 4492
2923; 4114; 9869; 9877; 9340; 9092; 7373; 7408; 4740; 3712; 3420; 2389; 2358; 211; 3514; 3606; 3586
2316; 8180; 806; 939; 3573; 93; 2836; 7136; 2344; 7112; 4993; 6468; 6301; 6053; 4898; 8142; 8435; 8838
8009; 9136; 8626; 4346; 5073; 3600; 9948; 6695; 8843; 5784; 7875; 1233; 8119; 549; 8099; 4027; 6591; 2860
1160; 4867
6715; 6822; 5836; 2087; 1648; 8143; 5244; 5289; 2302; 9892; 7226; 3186; 3626; 4343; 1005; 9285; 6016
3717; 2102; 9279; 5761; 3271; 2002; 8831; 437; 6374; 505; 6042; 9969; 711; 6891; 1053; 8781; 1603; 4476; 2857; 1801; 2328; 1479; 2129; 429; 5428
3718; 9851; 35; 3236; 9033; 1403; 9077; 7193; 7322; 476; 7763; 7160; 3407; 8234; 3085; 6953; 7961; 2570
5147; 5815; 6485; 5341; 2751; 1078; 288; 5480; 3065; 6119; 9587; 1578; 4624; 4369; 2767; 8305; 6178; 8894; 1397; 123; 838; 5098
1725; 197; 1378; 9343; 6599; 2137; 8030; 113; 9078; 9223; 8596; 3603; 2234; 841; 3556; 6988; 1156; 3521; 1131; 6000; 2441
1478; 6008; 4082; 2517; 8185; 548; 4286; 9820; 4874; 5600; 7242; 6551; 2237; 4864; 9197; 4357; 8901; 6663
7966; 245; 1427; 929; 3558; 3704; 812; 831; 4421; 7670; 2917; 7027; 6869; 5348; 9485; 8581
3397; 3153; 8771; 107; 6896; 8630; 4409; 5597; 8588
6921; 228
562; 5659; 5378; 9563; 2198; 6491; 6847; 2465; 767; 9375; 4181; 1366; 1029; 3950; 6995; 7395; 2641; 3738; 1184; 906; 1330; 4970; 5164; 431
8421; 3009; 8284; 2218; 9976; 6971; 5051; 1014; 9338; 6050; 3013; 3610; 468; 3592
8673; 6103; 1186; 4917; 8571; 2142; 3053; 2261; 6455; 3767; 1424; 9919; 5128; 6692; 7574; 6627; 434; 7960; 8800; 7607
8507; 8492; 8822; 1206; 2536; 1711; 399; 4064; 7929; 708; 1224; 2854; 2691; 2693; 4792; 9193; 6968; 4928; 7719
3888; 8390; 7902; 3714; 7443; 9604; 9247; 3494; 349; 2829; 7213; 5888; 4487; 3097; 7688; 1510; 6391; 94; 5753; 9013
2671; 3671; 8273; 5625; 6866; 7317; 3949; 6654; 5609; 2067; 743; 6309; 7846; 9376; 6567; 2483; 4289; 3502; 8053; 4749; 6095
2323; 9498; 4649; 8944; 7170; 5546; 9980; 661; 5819; 6397; 4513; 3487; 1881; 2632; 7087; 847; 100
4190; 4085; 8186; 7618; 3005; 7049; 2653; 6821; 6525; 239; 3489; 6027; 8686; 4249; 849; 3499; 8824
4577; 7896; 9424; 6983; 6600; 6570; 8229; 7277
7911; 3986; 6721; 2377; 6048; 1566; 9732; 5558; 1730; 7899; 4125; 96; 4052; 9572; 3518; 9195; 7351; 9685; 1614; 8097; 8396; 1142
1264; 7002; 1586; 8167; 8474; 2977; 6186; 7437; 4453; 2481; 21; 9911; 3455; 3926; 7218; 5116; 8506; 201; 4313; 7539; 6129; 7890; 1788; 5653
6237; 7586; 4282; 9839; 2037; 7353; 3155; 7165; 5100; 2958; 6179; 8067; 4050; 4512; 9170; 7267; 207
2028; 1896; 6897; 7615; 8956; 5530; 1362; 3884; 1830; 7309; 7120; 5350; 5367; 5512; 6452; 7496; 2443; 202; 2164; 719; 3220; 5544; 8073; 5497; 3563; 8111; 3162
7456; 8061; 4451; 4776; 9827; 3617; 8222; 5293; 8242; 146; 217; 7550; 660; 6232; 2982; 7089; 1875; 1859
891; 4500; 425; 3453; 5260; 9109; 5758; 2560; 3093; 8261; 85; 3681; 6935; 4128; 4688; 5736; 9649; 195; 1988; 1650; 3263
9011; 1671; 5048; 4371; 5192; 8863; 9652; 4326; 7199; 5392; 5946; 1445; 1719; 5828; 2394
9012; 7126; 810; 8157; 6444; 5473; 5055; 2500; 5120; 2613; 5949; 1055; 8438; 6945; 7674; 6355; 7003
6409; 9562; 3437; 6882; 6201; 1410; 6082; 4010; 4617; 227; 3641; 3421; 2635; 3070; 8874
9938; 7656; 9524; 3695; 8856; 1995; 916; 5981; 9777; 7384; 6039; 366; 5297; 3025; 8127; 238; 3313
278; 64; 1394; 2511; 7447; 6614; 5380; 1908; 9549; 3630; 2757; 6282; 8620; 9345; 945; 71; 5847; 3016; 9192
8687; 1702; 9152; 538; 6026; 4154; 421; 7654; 6266; 8575; 6330; 157; 5871; 5788; 8338; 9713
9799; 601; 7662; 6366; 1422; 390; 11; 3347; 2610; 1418; 8401; 886
1672; 7860; 1112; 8150; 8457; 8353
329; 8846; 7490; 9828; 2959; 6365; 9336; 3022; 7325; 1087; 4915; 6815; 6003; 230; 1622; 3658; 7132; 599; 2134; 5811; 8298
2920; 7526; 6713; 6934; 1139; 4252; 1937; 5030; 5712; 4322; 1023; 1899; 4459; 9639; 9909; 9866; 4498; 5422
3382; 4333; 5218; 3158; 3408; 7847; 3500; 1742; 8413; 7055; 1692; 9718; 5975; 3973; 9049; 5385; 5275; 9860; 5643; 5974; 2686; 7046
4432; 315; 4101; 6645; 5598; 1524; 7225; 8900; 773; 2355; 5323; 9792; 1406; 5321; 6354; 1172; 9308; 152; 2366; 5587; 4197; 1625
6154; 163; 6047; 1379; 9503; 40; 1412; 2595; 5070; 4900; 8230; 9594; 2526; 3046; 4888; 1825; 2008; 9478
678; 8999; 3870; 3802; 8226; 9035; 2508; 3834; 4495; 3865; 3080; 1854; 3123; 9423; 5642; 5173; 963
5231; 8692; 8652; 4450; 2063; 7856; 8022; 4918; 324; 9692; 1910; 4790; 8; 7096; 3860; 3481; 2098; 2135
5988; 8624; 6773; 9054; 3982; 7173; 1632; 3670; 9661; 9116; 6816; 9876; 9878; 4192; 7771; 5281; 7956; 799; 2426; 141; 251; 9620; 2469; 8754; 1870; 4794; 8733; 2413; 9926; 578; 7315
7754; 4613; 7332; 1257; 554; 7394; 2304; 2889; 5009; 9535; 5204; 4276; 1565; 583
3018; 1824; 2688; 4301; 4329; 4514; 5717; 1812
2735; 1270; 8231; 6768; 118; 9053; 5774; 2438; 1976; 2402; 3522; 3619; 8200; 1579; 5034; 5853; 3856; 4931; 9647
4641; 323; 1877; 4316; 5696; 8590; 1787; 9744; 8144; 2422; 232; 7067; 523; 2462; 6496; 3303; 6213; 2739; 8031; 5838; 2012
8758; 3040; 7645; 697; 7257; 3797; 3396; 3247; 1227; 5105; 628; 1398; 2769; 9425; 8649; 6184; 1106; 9454
6659; 2687; 607; 5795; 2167; 1388; 3806; 8972; 7212; 8732; 4424; 2180; 5532; 3166; 8403; 7679; 5088; 9324; 4092; 1058; 4372; 7092; 5602; 7156; 8003
6158; 6200; 1563; 4879; 4591; 9347; 2445; 4427; 5645; 5607; 4798; 6265; 9418; 7476; 3643; 4296; 6740
293; 9720; 2299; 5562; 7635; 3553; 7681; 4967; 6675; 5715; 3010; 9451; 4029; 301; 8921; 4348; 1415
802; 8445; 3272; 1162; 4388; 2489; 7019; 6305; 8746; 374; 4429; 1325; 3363; 6574; 8747; 5631; 1562; 5317
5453; 9023; 6554; 9031; 5091; 2575; 7773; 373; 1851; 9656; 4759; 1754; 6465; 3081
3227; 8485; 9679; 8417; 4271; 4251; 9505; 8062; 6933; 8866; 5849; 6717; 8461
7507; 9981; 2472; 5984; 7259; 4922; 2017; 8985; 6085; 3742; 8347; 7000; 2264; 61; 1449; 516; 7849; 9580; 6660; 6641; 4306; 2705; 4878; 6566; 7973
7560; 7910; 9097; 4671; 5302; 9280; 7191; 3613; 3125; 8286; 2136; 1567; 4680; 7440; 3923; 5492; 3149; 4331; 2846
1051; 8352; 9024; 8845; 7728; 6889
8830; 9364; 3187; 2661; 1811; 5954; 158; 3715; 1764; 4529; 3770; 1134; 4254; 688; 4383; 7362; 5448; 5027; 7458; 6285; 1119; 7118; 2166; 7830; 9089
5816; 1488; 6687; 4515; 530; 9004; 2457; 411; 5254; 7355; 3366; 5424; 5119; 1967; 1094; 3373; 611; 5103; 5414; 126
2919; 5193; 2456; 7522; 1791; 8802; 8412; 8819; 6535; 6849; 884; 5591; 5522; 1961; 5623; 1662; 2704; 2084
9681; 573; 6742; 7336; 2262; 5313; 4457; 4436; 5879; 2154; 9359; 9258; 6408; 3903; 3661; 6581; 9645; 3047
1021; 8269; 2003; 9817; 8761; 4482; 8682; 8680; 5189; 8293; 4344; 9688; 9039; 9120; 3174; 7967; 1204; 1357; 7516; 7435
2627; 5335; 2612; 9824; 1353; 9101; 9022; 8460; 7377; 2041; 7106; 9908; 1928; 8071; 8203; 1242
4896; 3294; 7809; 6423; 5882; 9910; 4763; 8737; 5577; 8093; 4006; 5857; 6975; 7174; 2872; 5883
988; 4587; 5652; 9960; 9868; 7571; 2279; 122; 3979; 8647; 2386; 8679; 1561; 7842; 161; 5641; 3295
4729; 5250; 1942; 1919; 4892; 3531; 2090; 5373; 9061; 3276; 6776; 1587; 1971; 5848; 6015; 3495; 8433; 2618; 8409; 9962; 3100
139; 2390; 8974; 3178; 4767; 6383; 1359; 4713; 6109; 9905; 9570; 712; 7569; 2145; 9371
3890; 6177; 6145; 2268; 960; 8869; 1528; 9680; 6716; 6904; 8274; 4751; 7562; 6243; 2428; 807; 6299; 7525; 9003; 8472
9771; 8494; 8966; 1947; 5969; 6680; 5700; 3780; 3326; 5804; 5798; 3728; 6941; 6287; 4518; 3760; 506; 4722; 6642; 3374
4144; 9328; 2106; 6653; 5634; 9805; 6025; 2548; 4538; 6696; 4872; 5170; 2510; 8267; 1501
4947; 7545; 1724; 4590; 2240; 7425; 1109; 5781; 9538; 2594; 2583
