5772; 901; 5557; 5459; 6574; 6199; 4025; 4861; 7082; 5337; 1798; 6862; 7836; 2587; 8287; 7423; 1294; 1499; 6446; 4531; 5572; 1543
9167; 7691; 1527; 2555; 6790; 2163; 885; 8481; 5182; 3817; 8981; 7059; 1203; 8429; 222; 5493; 3450; 2726; 8337; 4353; 30; 852; 1060; 5107; 3769; 5157; 2682; 5438; 7972
8832; 5566; 959; 7161; 8690; 7302; 7616; 3048; 8512; 3265; 6450; 582; 9268; 2296; 2504; 8713
1143; 3129; 7962; 1346; 7748; 2780; 1878; 8617; 5273; 8579; 1837; 2803; 7471; 1654; 1773; 8519; 4199; 6130; 4200; 3145; 7762; 6658
2865; 9583; 7101; 4994; 604; 9113; 4297; 7563; 3448; 8930; 2905; 4345; 7878; 6317; 7734; 6678; 9171; 9929
5642; 5173; 9423; 3123; 1854; 3080; 3865; 4495; 3834; 963; 7315; 8226; 3802; 9620; 9035; 2508; 3360; 3124; 445; 3445; 105; 5706; 3342
7364; 888; 9037; 2934; 1140; 7291; 5769; 7600; 4737; 1374; 4730; 5929; 2944; 3913
1145; 1833; 6854; 4421; 7670; 1005; 6178; 8305; 4369; 2767; 4624; 1578; 3065; 6119; 9587; 5480; 288; 1078; 5815; 6485; 2751; 9285; 6016; 838
726; 1332; 9050; 9627; 6839; 6672; 292; 5172; 3985; 8553; 7155; 2981; 3139; 528; 2849; 4363; 3219; 2572; 178; 1814
9844; 8904; 5362; 4839; 3252; 8991; 1554; 7971; 8947; 5076; 981; 8546; 4504; 8655; 351; 9284; 7892; 3712; 9373; 4740; 4933; 986; 9235; 1980; 3150; 8215; 5534; 9691; 3606
4214; 894; 871; 2420; 9447; 1345; 3404; 2589; 4126; 8232; 5136; 3932; 494; 9419; 249; 3329; 6666; 7321
3420; 2498; 6880; 4466; 5576; 7428; 3403; 7766; 8528; 5939; 1043; 4336; 5203; 6630; 1426; 2285; 6699; 952; 6381
1156; 6988; 3556; 841; 2234; 3603; 831; 812; 3704; 3558; 7392; 8750; 1546; 1421; 1502; 7689; 7990; 9398; 1047; 4708; 1131; 2441
6663; 6921; 9343; 1725; 197; 1378; 6599; 5098; 2137; 8030; 113; 9078; 9223; 8596; 5341; 5147; 123
5232; 9737; 4195; 791; 8702; 9660; 5719; 8648; 5501; 9330; 4389; 3604; 4360; 7651; 1263; 1265; 1361; 8814; 4068
1162; 3272; 8445; 4388; 2489; 8003; 7019; 5631; 1562; 8928; 205; 1214; 3648; 2734; 3532; 3031; 7903; 4686; 253
2422; 8428; 5894; 341; 6410; 7753; 262; 5710; 7647; 7943; 8954; 3748; 7263; 6012; 7519; 6293; 8522; 9042; 6858; 7894; 3647; 5777; 7192; 9651; 815
1877; 4316; 323; 4641; 8590; 5696; 1787; 9744; 8144; 4131; 251; 141; 2426; 799; 3040; 8758; 2216; 1537; 6549; 5200; 7180; 3853
2889; 5009; 2304; 9535; 5204; 4276; 1565; 8588; 2917; 7027; 8581
5245; 7598; 3577; 1834; 423; 7796; 265; 6966; 8747; 1175; 2604; 2776; 1585; 3929; 9606; 9450; 9701; 8877
759; 492; 1400; 6117; 1034; 5682; 2300; 9476; 9490; 3390; 9296; 1660; 2525; 4829; 9165; 9934; 6903; 5968; 7650
4343; 9485; 6869; 5348; 1397; 8894; 4357; 8901; 7966; 245; 1427; 6000; 3106; 2806; 8028; 4275
1033; 6212; 3554; 1780; 3675; 6019; 9628; 2639; 3304; 1399; 7810; 918; 7453; 4578; 6271; 2276; 8659; 1486; 3514
2358; 2389; 211; 4721; 8422; 3530; 4395; 409; 929; 3521; 3586; 33; 5080
2697; 4505; 858; 3975
1354; 9629; 3557; 7187; 8447; 1176; 1322; 6307; 2965; 2038; 7397; 6778; 8711; 90; 9018; 6912; 7260; 1133; 7715; 3308; 8423; 9755; 9105
427; 3007; 4062; 6544; 5127; 9684; 2985; 3864; 8695; 3359; 3348; 359; 2755; 3087; 4570; 1273; 2643; 7339; 2343; 3267; 9734; 9646
1141; 7169; 3584; 1885; 1923; 8459; 2375; 1709; 6320; 4215; 2557; 9857; 3415; 4527; 4847; 8235; 9529
1435; 7484; 8631; 111; 7064; 7489; 9225; 4033; 1111; 7596; 3691; 9730; 8896; 7501; 1466; 3126; 7386; 482; 1429; 4803; 4132; 7084; 2044; 9950; 8364; 336; 4443
1729; 8398; 7747; 5058; 3854; 4477; 313; 6810; 5161; 6741; 3008; 5889; 377; 9159; 2349; 6131; 2227; 5503; 5487; 9079; 8531; 8312; 6349
6647; 5820; 5454; 8406; 4378; 7144; 2720; 1244; 6837; 7044; 6284; 4381; 1541; 9992; 6875; 2666; 1707; 1304
722; 5093; 3813; 1092; 753; 9406; 8434; 57; 9062; 2186; 6462; 997; 361; 2201; 5331; 6876; 809; 1873; 7941; 219; 2521; 2929
6648; 9607; 3165; 4055; 8050; 6415; 689; 8371; 6138; 4180; 287; 4319; 2995; 3221; 9278; 619; 2018; 7737
2193; 49; 8731; 7727; 9332; 8605; 5042; 8084; 6865; 6457; 6895; 5921; 2048; 9813; 4700; 4454; 4772; 3906; 5989; 5354; 6677; 4765; 640; 7558; 889; 7791
3873; 2182; 9530; 4520; 191; 8384; 992; 3193; 6879; 12; 5148; 5553; 8322; 1088; 4771; 7215; 6967
6061; 2512; 6936; 2212; 2176; 7418; 2308; 1852; 608; 9346; 5284; 8394; 5755; 5835; 4526
7363; 6279; 31; 6722; 8988; 3614; 4475; 3668; 5628; 9255; 5318; 9027; 2591; 4817; 7114; 6175; 4648; 2097; 520
6650; 3430; 3842; 575; 571; 7777; 7510; 2326; 9410; 762; 2961; 6231; 844; 6846; 4856; 9086; 3829
725; 9304; 1496; 4609; 6004; 4540; 9830; 2159; 9939; 4159; 4292; 154; 9900; 2955
3413; 7730; 7833; 8441; 9495; 4117; 2207; 6392; 5814; 758; 1459; 9248; 3701; 7891; 1979; 2089; 7275; 37; 4005
4883; 7871; 9063; 2196; 4186; 2869; 8374; 6510; 6754; 3461; 4390; 745; 9383; 2873; 6942; 9392; 7643; 7897; 9963
6651; 4113; 755; 5377; 3737; 8120; 4247; 2380; 5188; 1095; 9743; 3896; 8865; 1891; 2047; 1970; 2246; 9411; 2797; 5528
8163; 4175; 3378; 9433; 1796; 1551; 5840; 4425; 3169; 927; 9855; 13; 7952; 3076; 6435; 5907; 6275; 5893; 7217; 1003; 6848; 6853; 6352; 5138; 6239
8164; 2346; 4852; 5155; 4720; 8431; 6191; 6173; 4956; 117; 9622; 1713; 5818; 2466; 524; 2886; 8344; 769; 6820; 2754; 7780
8500; 6795; 4576; 1550; 2327; 9220; 4797; 3167; 6527; 508; 9897; 6770; 9230; 3892; 1534; 291; 2939; 7324
8837; 486; 2838; 567; 3904; 8283; 2146; 7953; 5732; 8112; 586; 967; 6165; 8404; 1407; 8721
2870; 7074; 2850; 112; 7787; 2282; 1557; 4746; 6440; 1269; 7316; 5932; 8480; 2677; 6363; 4400; 4233; 1283; 3384; 9640; 7457; 8296
1443; 6433; 4259; 5913; 9432; 4240; 6256; 3615; 1177; 7682; 6828; 987; 7690; 5149; 9386; 2228; 4293; 3215; 3465; 1261
1737; 9742; 4367; 8855; 2492; 9435; 5340; 921; 5771; 1231; 3136; 2740; 254; 4532; 2662; 698; 8952
2199; 3463; 499; 764; 7831; 2791; 4733; 1121; 9915; 2692; 8701; 9578; 4338; 7411; 5658; 9006; 6855; 8041; 2830; 312; 4942; 5709
2200; 7296; 242; 5494; 6346; 9898; 4074; 2761; 685; 3078; 8827; 9624
4426; 2518; 4023; 3724; 7012; 5856; 4368; 9385; 6530; 4169; 641; 3045; 4921; 6622
5224; 4070; 5486; 6090; 3507; 8139; 577; 924; 8555; 2950; 4042; 978; 2319; 1240; 2487; 5061
6068; 1229; 8932; 4846; 1299; 7346; 5606; 3849; 4408; 3277; 7371
3881; 1593; 9122; 8191; 968; 3697; 4753; 1808; 3793; 7081; 4822; 7360; 6572; 3739; 561; 9369; 491; 1634; 5801
6069; 1067; 8189; 6203; 2640; 693; 4986; 6110; 3957; 5399; 7010; 9998; 6038; 783; 7348; 8696; 1370; 8138; 1166; 7821; 5344; 1560; 6204; 2373
3210; 2274; 2782; 2892; 5695; 2835; 3703; 9780; 784; 4120; 5613; 257; 4614; 8149; 5372; 9756; 182; 8342
7498; 6502; 8024; 2503; 235; 9118; 879; 6792; 9850; 7756; 3216; 3559; 8848; 3673; 8317; 3815; 8503; 3285; 6958
440; 2718; 1120; 5621; 6463; 8790; 5207; 1462; 7555; 7870; 7248; 8699; 7935; 5202; 8064; 4077; 878; 8829; 5977
2414; 5890; 1286; 6149; 3746; 3475; 76; 3722; 7343; 7460; 5180; 2642; 7247; 7536; 2804; 8456; 5290; 9465; 779
5228; 4910; 606; 7841; 4643; 6292; 7906; 690; 8253; 4321; 4049; 8917; 5190; 1315; 1230; 237; 7181
6072; 4413; 5356; 6615; 5727; 4486; 7839; 3525; 1207; 5837; 5910; 653; 9219; 2998; 7900; 1280; 1223; 7886; 8937; 5063; 7599; 5612; 8714
6367; 134; 1485; 5006; 5451; 3931; 1027; 7273; 8090; 7623; 6116; 6375; 2906; 8628; 8068; 2681; 9263; 8735; 2126; 5660; 8992; 1428; 2834
736; 8250; 1356; 6751; 3597; 8990; 9316; 9611; 2314; 7577; 1819; 264; 1839; 2562; 2897; 3274; 7465; 4206
2416; 4385; 496; 9322; 7063; 9201; 1289; 9955; 8586; 742; 5333; 6202; 3822
6368; 7800; 7219; 4954; 410; 4960; 4768; 5177; 277; 1580; 9059; 3431; 8914; 5568; 4507; 8359; 22; 7848
2879; 218; 7638; 6421; 9259; 5655; 3387; 2992; 3483; 2921; 1132; 1213; 8152; 6919; 1300
7503; 9020; 6951; 9103; 9191; 8739; 8382; 3330; 5178; 6977; 7022; 135; 5956; 3426; 7595; 1607; 3361; 6341
4224; 9751; 3039; 1420; 8941; 9537; 4950; 8038; 295; 6334; 331; 1697; 6520; 2473; 7923; 7858; 2647; 6531; 7872; 9397; 7724; 4158; 5754
2209; 7104; 3741; 9728; 3282; 3542; 3674; 1882; 91; 3064; 6022; 7432; 2307
6371; 6134; 2330; 6467; 792; 1949; 348; 7768; 5032; 86; 8490; 7085; 2842; 6532; 9581; 1836
1454; 4497; 8237; 1469; 1417; 9021; 8245; 9796; 483; 3996; 8069; 5537; 3383; 1293; 9196; 917
9858; 7908; 4989; 9005; 7533; 8634; 7583; 9217; 2181; 4650; 9729; 9774; 8678; 4312; 5899; 6576; 1490; 7029; 5831; 5915
7382; 3391; 6113; 317; 5444; 4788; 8676; 2887; 9091; 4809; 6196; 3981; 2172; 1594; 5725; 4764
5237; 7603; 1278; 836; 7944; 7799; 7065; 5117; 1165; 3792; 5779; 2660; 3325
2215; 1703; 4093; 6911; 4317; 7888; 3954; 6775; 7881; 3650; 6264; 9961; 5370; 4255; 9407; 5685; 9356; 7115
1753; 320; 9194; 1934; 7945; 3756; 3014; 1489; 5766; 6351; 7979; 5867; 8280; 9864; 7531; 6948
1460; 1474; 4865; 6705; 4003; 7206; 6329; 6917; 3562; 1335; 1756; 7984; 9993; 8564; 2226; 3799; 6561; 1327; 4469; 5724; 4937
2890; 1509; 1715; 3680; 6087; 2256; 3054; 2013; 8625; 378; 5158; 2224; 5477; 3863; 2082; 9710; 2787
6681; 7279; 8330; 4376; 3069; 7671; 6156; 1797; 7544; 5322; 3968; 9241; 6916; 8799; 4948; 4308
4914; 6037; 2318; 9560; 873; 9107; 6094; 6388; 1384; 2702; 2683; 6350; 9599; 8654; 3116; 6898; 8248
9203; 1698; 2289; 5252; 3457; 7026; 6573; 518; 3734; 2964; 9942; 9916; 7454; 2105
7524; 9956; 1894; 8998; 7744; 1425; 6020; 8762; 6997; 5832; 2563
1476; 5023; 9461; 500; 9163; 391; 9445; 5900; 971; 5730; 4004; 5680; 7639; 7677; 9210; 9890; 8786; 2986
6688; 2727; 4953; 5299; 6146; 975; 7150; 3042; 8076; 4277; 9048; 9239; 3997; 8766; 9554; 4334
6524; 5396; 3248; 9632; 2911; 5722; 4841; 8320; 5197; 4551; 6273; 5620
1216; 8300; 9110; 7129; 4168; 1723; 7869; 9312; 5995; 1319
5024; 6504; 8948; 9066; 1197; 2606; 3176; 9459; 6963; 8738; 928; 9626; 2283; 5827
2549; 3527; 9030; 9770; 6516; 2345; 7642; 2592; 4405; 3300; 840; 9464; 2793; 3755; 6608; 3077; 4032
8321; 1052; 6297; 8938; 896; 7451; 7293; 3867; 4533; 4323; 3662; 4774; 5449; 20; 1343; 6281; 5920; 1915; 3653
471; 3513; 3666; 9767; 47; 9469; 5328; 7464; 8315; 3458; 9678; 5637; 6405; 5398; 4030; 2624; 5126; 4281; 8442
7204; 3183; 512; 5468; 4696; 2978; 8888; 5688; 7149; 4496; 666; 8201; 1602; 1198; 5892; 2694
6311; 1250; 3639; 2243; 4988; 2696; 6899; 6280; 6628; 5115; 8032; 5077; 8194; 3159; 9922; 2608
5656; 3036; 8551; 4071; 2232; 3135; 1297; 4853; 4968; 3460; 9932; 5104; 8008; 7229; 8334; 5306; 7023; 5329; 2257; 481; 6888
3410; 4849; 8583; 4754; 6698; 6731; 5500; 995; 8879; 9131; 8080; 2336; 1772; 866; 3232; 1883; 9377; 1892; 1416; 3889; 5935; 744
4418; 1209; 9507; 5008; 5072; 6071; 4946; 8402; 416; 84; 4843; 3195; 1275; 1613; 1718; 6787; 8332; 5095; 1128; 7575; 5345; 1847; 6686; 8805; 794; 4011
7825; 3754; 8541; 5511; 7742; 2597; 2411; 2486; 6198; 1318; 4480; 6318; 4012; 2179; 7584; 1347
7491; 7011; 9051; 8458; 6304; 8227; 1017; 8703; 4455; 314; 881; 2558; 3043; 3800; 4887; 6339
1444; 9592; 956; 1482; 9143; 2544; 8569; 4299; 3515; 441; 5153; 8450
3419; 1272; 9982; 5278; 4659; 1154; 3091; 9597; 7975; 7653; 2175; 8233; 4826; 9275; 7168; 1871
6364; 101; 9662; 3434; 853; 8759; 5195; 140; 854; 2060; 1902; 4925; 39; 2149; 5983; 1835
7078; 6002; 6835; 1246; 1048; 2550; 9181; 9342; 82; 6860; 2395; 1770; 9885; 3288; 5663; 6322; 2259; 559; 495; 2786; 1538; 8685; 7342; 5741; 2506; 5927
4891; 3541; 6044; 1089; 2093; 488; 220; 8707; 3333; 5144; 3435; 2295; 938; 3594; 3866; 3063; 2272; 765; 6632
6074; 587; 9579; 1334; 282; 6398; 4539; 4963; 9810; 129; 2590; 4952; 8415; 9395; 8807; 9714; 1997; 8247; 9479
1872; 2585; 59; 9233; 2989; 6752; 6738; 1973; 2157; 7736; 3092; 8580; 2062; 7617; 462; 7017; 1472
6665; 848; 7546; 2837; 8314; 7513; 9875; 234; 7627; 2255; 4562; 8184; 9072; 4911; 3444; 307; 1695; 5669; 10000; 2501
1161; 1963; 4122; 9119; 181; 8637; 4876; 1536; 6986; 5678; 2794; 6765; 2223; 8639; 7417; 8983; 4146; 6197
450; 8627; 5928; 6107; 3687; 1636; 752; 6734; 4087; 9794; 5868; 8958; 3980; 8309; 3315; 451; 6616; 6021
6377; 3086; 1136; 5551; 5664; 3299; 9952; 4461; 4167; 7922; 8769; 714; 623; 7746; 1030
9528; 7701; 6508; 5523; 285; 3004; 2936; 1615; 4412; 2305; 5519; 9360; 187; 1664; 6749; 2369; 7234; 7553; 1766; 1670; 5592
7514; 258; 5985; 1063; 4723; 6812; 7851; 8920; 9289; 4140; 9114; 1974; 9735; 2476; 2676; 2269; 4569; 1861; 5610; 9090; 8643; 2267
2219; 7815; 3094; 9402; 1542; 8727; 7006; 6587; 8236; 8210; 6767; 2586; 8870; 1786; 8389; 4619; 2439; 9753; 5283; 371
9297; 4832; 9760; 2409; 7629; 3818; 9904; 7769; 7298; 5272; 4777; 5911; 5265; 267; 3942; 7933
7241; 6127; 1281; 5548; 1821; 8592; 1199; 2397; 2581; 4573; 9786; 3686; 7426
7624; 3768; 6461; 2280; 4354; 8476; 7052; 1302; 3638; 8154; 3353; 8000; 6185; 8873; 4808; 2005; 3828
2014; 6593; 6994; 2059; 26; 5993; 1776; 9935; 6422; 2184; 2160; 7308; 9214; 531; 2607; 7467; 3249; 8002; 8697
1054; 8013; 3831; 5393; 477; 2281; 4393; 5823; 1956; 3317; 1099; 2760; 3823; 4057; 9292; 8537
9933; 3844; 1820; 7695; 1011; 3771; 4263; 9893; 2311
130; 9206; 4387; 1783; 8455; 3163; 7901; 6669; 6189; 1762; 8527; 4674; 1514; 4511; 9787; 231; 5863; 2050
1645; 3377; 1411; 6801; 2340; 7140; 7201; 4447; 6417; 6133; 9637; 2092; 6490; 3482; 225; 8220; 6401; 8736; 3944
6353; 9140; 3922; 1619; 1957; 7840; 5687; 8744; 7614; 4034; 3582; 1071; 8065; 3190; 5339; 1519; 2111; 6871; 2260; 1239; 1874; 6894; 5611; 9390; 3226
7110; 3289; 379; 6099; 5433; 2415; 8689; 1571; 8473; 7328; 6283; 8129; 8515; 1682; 695; 4315; 7048; 2824; 9736; 4623
9924; 6783; 3028; 2843; 9178; 6262; 1999; 5987; 1467; 5239; 4827; 5740; 1598; 7680; 6192; 1858; 133; 5773; 789; 5738; 6051; 3379; 8508
7153; 965; 9708; 4019; 6596; 913; 1639; 3051; 686; 4870; 4089; 3134; 8939; 1363; 801; 1806; 2748; 8488; 6908; 6245; 6809; 1077
1396; 9642; 4845; 8927; 3743; 8208; 3270; 6584; 2364; 5962; 8963; 6540; 1932
8414; 1640; 7934; 9643; 1657; 1221; 544; 5739; 43; 3273; 2990; 8795; 3750; 6431; 1313; 174; 2115; 5426
5895; 2974; 8919; 5267; 3497; 9064; 3908; 843; 3852; 8912; 674; 9286; 9288; 9896; 9231; 8323; 6909; 667
474; 9273; 9180; 4449; 6244; 2945; 1152; 8204; 6469; 5435; 5130; 2147; 735; 284; 539; 7139; 5374; 9519; 8811; 6443; 5898; 1589
4464; 6459; 4257; 271; 7102; 3072; 2848; 9972; 5705; 4618; 3732; 3882; 6760; 8133; 4053; 833; 6694; 3846; 5649; 480; 730; 8044
342; 5633; 2730; 2080; 8324; 4478; 9188; 2859; 9514; 5924; 5184; 8240; 5728; 6542; 6118; 3006; 4226; 4444; 717
5679; 5383; 8066; 8074; 4694; 565; 5672; 5440; 9323
4416; 9463; 4913; 5262; 974; 6726; 8836; 2054; 3019; 8728; 2942; 9675; 6969; 4902; 303; 5673; 1110; 8160; 8345; 5614; 4770
7907; 5442; 6240; 8416; 770; 5905; 3910; 3999; 3035; 9457; 3779; 9046; 5035; 3820; 4352; 8656; 763; 360; 4863; 3340; 9542; 9434; 7782; 9569; 3685; 2239
932; 9520; 3581; 3602; 401; 3225; 9032; 7732; 9300; 8058; 3731; 7951; 8183; 6358; 1631; 9584; 7561; 6359; 8427; 8911; 4755
2150; 4981; 3963; 4522; 6987; 2297; 8453; 6769; 9826; 5336; 4178; 3428; 1483; 9667; 9355; 6483; 4228; 3032; 8148
7404; 7244; 816; 6380; 9368; 4796; 3110; 1712; 8615; 8083; 795; 3238; 1998; 7251; 9442; 9081; 3385; 1676; 962; 260; 626; 465; 5338
933; 9806; 8376; 7673; 8294; 7438; 3109; 5782; 9819; 9443; 6316; 5749; 8529; 2114; 7422; 5412; 6973; 6604; 9416
2403; 4905; 9460; 821; 5936; 4340; 1547; 8521; 5209; 7745; 9358; 8289; 3655; 9276
5347; 6227; 5482; 908; 2405; 8370; 8241; 5897; 5701; 3372; 479; 4805; 1693; 5817; 8213; 3907; 6034; 6278; 5683; 6411
7909; 3564; 1114; 2605; 656; 457; 3244; 2189; 1769; 557; 5854; 9468; 3423; 9344; 7117; 2638; 785; 5162; 4782; 463; 7593; 3371; 3399; 9978
8329; 9804; 9995; 3924; 8871; 2893; 7949; 8116; 9393; 5261; 9480; 4328; 6216; 6984; 5667
3878; 7228; 9838; 903; 6057; 9633; 1473; 4265; 1413; 691; 1548; 2058; 4795; 2332; 9137; 8780; 4182; 2127; 8826
5529; 4944; 3796; 2116; 4501; 2674; 396; 7564; 1000; 7312; 3682; 6080; 2534; 9598; 4593; 7116
7579; 343; 4940; 2741; 3512; 9814; 4411; 9236; 7189; 7716; 6434; 8632; 4448; 3181; 9055; 4811
8756; 1061; 2388; 7924; 4183; 3911; 6711; 5776; 73; 5375; 8725; 5038; 1895; 2258
9353; 8902; 4235
4216; 9798; 993; 5584; 9452; 2049; 7320; 6852; 54; 1897; 7837; 6194; 9797; 4350; 1436; 4939; 6312; 8075; 3636
1855; 8393; 376; 4048; 6221; 2630; 6338; 598; 6361; 3200; 236; 8962; 9301; 7274; 4359; 5748; 1728; 8893
2191; 9902; 7515; 2914; 7021; 2334; 703; 9928; 7853; 9585; 2746; 1948; 5824; 3173; 6458; 2531; 1832
5215; 740; 9147; 5062; 1909; 6617; 6217; 8072; 8594; 6750; 3847; 7814; 8532; 4762; 1456; 279; 5025; 7; 2203; 128; 5508; 2795; 4018
7487; 657; 7152; 3369; 1504; 8295; 2434; 8155; 6139; 8056; 487; 5264; 5809; 658; 2079; 4553; 2802; 125; 8945
1856; 1804; 5768; 4923; 2455; 9475; 7058; 7350; 5156; 165; 2947; 6097; 8477; 5191; 747; 6965; 8979; 9016; 911; 1743; 7171; 829; 1009; 250; 200; 8635
1731; 1249; 1076; 8147; 4958; 738; 5214; 7855; 5496; 3060; 1163; 8934; 2004; 5516; 5930; 2808; 6163; 9071; 4198; 6076; 4109; 2721; 7475
3201; 5756; 9271; 6195; 4745; 2143; 9975; 4525; 5554; 3283; 8462; 2983; 1966; 3251; 3635; 8614; 9025; 3983; 672; 9420
9842; 1767; 2609; 3368; 7071; 1760; 4137; 6253; 5675; 5760; 3059; 2448; 4974; 4893; 8722; 6791; 9208; 6230; 6556; 5573; 4961; 7835; 1680; 5387; 9534
1733; 7850; 4127; 5943; 3454; 4007; 5684; 8130; 4110; 5996; 1375; 8418; 9565; 8350; 6710; 5146; 9151; 6592; 7399; 6324; 9082; 650; 8174
1734; 8663; 4630; 6800; 7254; 3961; 4813; 9540; 8263; 2975; 7492; 259; 985; 2301; 6382; 9029; 1991; 1912
2406; 5994; 3595; 6735; 6679; 7276; 6241; 5064; 1685; 8448; 1149; 5484; 7401; 3370; 2845; 7601; 8475; 669; 3821; 8383
4213; 3845; 9303; 4633; 2010; 69; 2588; 9277; 4608; 7776; 1103; 5175; 6148; 8262; 7250; 5627; 420; 3140; 7196
9509; 2491; 1072; 9243; 4356; 1525; 7452; 2703; 8861; 4574; 149; 1458; 9765; 1433; 9162; 3836; 984; 290; 8560; 1497; 4766; 1553; 8400; 7378
1442; 5699; 5099; 5997; 247; 7537; 1254; 7056; 5744; 3540; 4996; 1647; 4583; 6950; 1234; 3664; 2633; 5124; 4415; 6683
8502; 3843; 4541; 1778; 3803; 4401; 3672; 2354; 304; 4471; 4719; 3334; 281; 2244
8840; 9888; 4116; 2679; 362; 2657; 1104; 3706; 4123; 4599; 6804; 6427; 2743; 7793; 1576; 8354; 1739; 5039; 7568; 869; 75; 6727
4889; 5743; 8552; 3976; 4545; 8926; 2884; 8239; 9614; 5225; 9874; 4241; 3297; 6739; 1025; 9758; 8694
1740; 5986; 5805; 422; 4546; 6164; 6471; 3121; 3318; 3291; 3708; 6428; 1521; 8922; 4491; 5941
1869; 8243; 679; 2211; 233; 2707; 8265; 5908; 8860; 1969; 9404; 842; 240; 4752; 8509; 3302; 5358; 9496; 6235; 1628; 8405; 6492; 1597
4895; 3859; 3492; 8395; 3301; 9539; 7921; 7781; 7904; 6836; 4303; 4362; 6088; 4848; 4506; 6528
4434; 2968; 1530; 1081; 66; 7477; 5948; 9657; 6419; 8063; 5578; 2711; 3587; 7380; 5861; 3589; 2496; 4663; 9409; 2729; 9294; 5041; 7097
8850; 3024; 3281; 473; 9588; 4699; 8326; 1513; 7554; 9483; 3659; 9940; 9256; 5862; 1037; 8034; 1266; 6610
4227; 5212; 6819; 9396; 3146; 4188; 8955; 2772; 458; 392; 7138; 8343; 1699; 2991; 5555; 7472; 2541; 4612; 5737; 6602
1750; 6700; 3588; 8712; 612; 7720; 4622; 8517; 2798; 6924; 5870; 1392; 998; 56; 9832; 7109
8182; 143; 3535; 9149; 2537; 8360; 7203; 941; 4258; 5330; 1879; 1290; 5808; 2764; 7290
7385; 9287; 6089; 1008; 3479; 8995; 9158; 9568; 2341; 2800; 9095; 788; 4941; 636; 8538; 1212; 7950
1461; 9010; 3493; 7030; 3841; 8574; 9789; 3343; 6222; 569; 5242; 9453; 5106; 954; 7047; 1523; 7094; 7108; 2309; 1511
456; 7655; 7419; 1173; 1129; 6902; 9923; 5196; 5670; 175; 162; 1218; 7942; 3612; 5735; 8862; 5408; 1841; 5315; 5388; 8264; 2695; 3633; 5763
9870; 8657; 9749; 2785; 9899; 3786; 1616; 23; 5247; 4563; 4534; 3936; 5122; 4102; 147; 8195; 7485; 3804; 2561; 9966; 8098; 4111
3443; 1310; 4164; 3286; 1020; 3660; 8868; 5786; 4325; 9429; 2976; 564; 622; 5075; 3622; 4161
7864; 8611; 2333; 2477; 6938; 9762; 5792; 8693; 2286; 3538; 204; 115; 6506; 7987; 7755; 5046
2527; 8572; 2359; 4819; 2357; 9348; 5413; 5624
597; 2569; 9763; 8430; 7789; 7876; 5462; 3943; 1326; 5342; 9415; 5938; 4714; 8929; 9971; 1573; 167; 7582; 6779
602; 521; 9801; 7786; 6745; 4621; 8379; 6460; 7620; 1843
9644; 8466; 3057; 7258; 8658; 8375; 9382; 1032; 9697; 3066; 2781; 3256; 2745; 7195; 5132; 1644; 3560; 6441; 4873
1349; 4179; 8688; 215; 4784; 899; 2022; 3988; 696; 3171; 3375; 9672; 7822; 9759; 8567; 1130; 6611; 3061; 5869; 5141; 3464; 7032
8212; 9436; 4406; 6208; 9028; 8880; 9945; 7997; 3971; 5054; 1666; 6514; 9576; 9462; 385; 368; 707
1098; 9791; 4571; 2061; 1146; 7828; 1439; 7572; 9160; 1757; 7431; 6031; 4028; 2766; 5575; 2417
3871; 8803; 8612; 2368; 6100; 5450; 2165; 771; 8705; 1368; 2194; 5016
4208; 9354; 6646; 1084; 5885; 5757; 1494; 8014; 5446; 283; 8773; 7319; 6559; 6701; 1457; 1710; 6147; 3306; 2410; 2885; 1295
9504; 9000; 957; 6464; 9803; 9437; 4951; 6859; 8719; 4778; 970; 9421; 7932; 7912; 6303; 5059; 3646; 5206; 6925; 1807; 5002; 2999
1857; 983; 3862; 7926; 8372; 3472; 7939; 2637; 3761; 9812; 2924; 3915; 9693; 8188; 2187; 6605; 5469; 4016; 2241; 828; 3501; 3826; 9232; 2169
430; 5491; 6621; 3003; 7648; 4602; 8691; 5052; 5176; 6257; 7968; 363; 4710; 5595; 7999; 1577; 7541; 9615; 5961; 2649; 1276; 1464
3412; 4731; 9067; 5017; 3451; 5833; 4204; 1380; 6507; 5945; 4300; 4559; 6886; 2381; 9621; 7135; 5475; 2156; 1338; 3214
6063; 6445; 9228; 7406; 5498; 4166; 3156; 6211; 2387; 184; 7095; 5022; 9132; 2076; 514; 3789; 5474; 2626; 4153
4884; 8408; 5693; 246; 596; 9473; 7844; 8048; 4965; 9807; 7269; 3683; 6571; 757; 7024; 4973; 1069; 4943; 2623; 860; 3089; 9526; 1255
5644; 9831; 1189; 1097; 2768; 6718; 3663; 8387; 2956; 7687; 6737; 5923; 3850; 7861; 6585; 1355; 4642; 2825; 5677; 7481; 9075; 6774; 2337; 6084; 647
9508; 9808; 5960; 5312; 433; 7785; 4936; 4542; 2290; 2032; 2731; 819; 2100; 3900; 7502; 1500; 3287; 2529; 3161; 3096; 3198
727; 8198; 7497; 1705; 5810; 4332; 1746; 2898; 6448; 3877; 9094
8501; 4530; 4715; 8386; 4890; 2075; 7197; 5999; 7784; 131; 1887; 7640; 9320; 7205; 4761; 7920; 4250; 4311; 9458; 7310; 3137; 4026
2198; 9563; 6491; 6847; 2465; 767; 9375; 4181; 1366; 1029; 3950; 6995; 7395; 2641; 3738; 1232; 937; 588
8838; 8435; 7305; 6557; 7587; 7862; 9253; 2814; 7354; 4783; 4280; 9058; 4185; 2347; 9112; 4949; 8511; 114; 1646; 7429; 9060; 4492; 8070
9174; 5531; 5632; 4693; 825; 6545; 9337; 3480; 7788; 1651; 4075; 1321; 6744; 7808; 8638; 7119; 2770; 8385
6655; 3099; 5556; 7434; 9784; 1150; 4906; 7854; 576; 9873; 9953; 2783; 668; 8172; 4862; 9438; 333; 6714; 969; 2034; 5086
7369; 6915; 4307; 543; 7657; 2878; 395; 8369; 8813; 654; 9070; 1314; 3940; 4909; 8336; 3928; 7625; 355; 5078; 7105; 2903; 7637; 9175; 2120
3208; 1828; 5616; 8841; 2973; 3960; 5000; 8316; 489; 8424; 2749; 2742; 7875; 6033; 338; 5521; 1233
9848; 9179; 41; 2265; 8820; 6104; 1324; 6493; 9521; 9879; 3837; 7265; 2918; 7857; 3599; 9605; 980; 3520
1151; 7663; 4397; 1532; 1337; 746; 3104; 3452; 4460; 2895; 2910; 6123; 8729; 8306; 5545; 6499; 545; 5650; 7959; 3652
6657; 4620; 9886; 9166; 9430; 8059; 5343; 594; 418; 2493; 6881; 3113; 1102; 4934; 5421; 3897; 6901; 5509; 9704; 3669; 7834; 7057
438; 5958; 5583; 4834; 676; 4554; 1982; 590; 1153; 4155; 5588; 9098; 6644; 7711; 4260; 1455; 1195; 5044; 164
2875; 9205; 1267; 540; 2922; 4635; 8513; 4985; 9484; 2094; 3459; 5410; 4490; 1621; 8399; 9666; 2664; 9401; 268; 797
5227; 2622; 9682; 6999; 9548; 4014; 8325; 4589; 4658; 5543; 9531; 8089; 6589; 914; 1620; 4516; 7462; 9310; 5310; 504; 9002; 8464; 4054
7373; 7408; 7721; 1402; 2819; 2716; 510; 4962; 6720; 8440; 5922; 4262; 9948; 6695; 8843; 6689; 3275; 2930; 7626; 5073; 4346; 8009
8171; 6808; 4836; 5285; 2539; 2078; 3919; 2931; 1868; 9833; 8045; 2823; 8410; 9357; 8279; 1495; 734; 1688; 9748; 9307; 8119
1448; 615; 5395; 4489; 7506; 4384; 537; 5003; 1977; 7928; 7028; 2351; 4358; 6575; 8049; 8397; 330; 9719; 9988; 4718; 6743; 1271; 9595; 4220; 3120; 7020
4430; 648; 87; 5463; 2728; 2231; 4748; 9218; 5320; 9653; 4231; 9809; 6533
2205; 3777; 8751; 6144; 296; 9264; 3130; 4290; 1001; 6295; 7927; 7100; 406; 6393; 1816; 7957; 8598
3213; 2321; 1990; 6035; 9148; 1062; 4134; 2571; 737; 8889; 4243; 6296; 4114; 7692; 4535; 646; 144; 7345
1451; 10; 256; 8821; 6730; 6108; 5934; 4485; 8825; 7518; 6793; 4191; 3590; 6777; 2514; 9901; 6486; 3891; 5427; 7486; 8924; 3546
1745; 2315; 1217; 7183; 8726; 3132; 3762; 9696; 5803; 417; 5608; 2024; 1696; 8046; 7699; 7214; 3144; 3580; 4750; 1108; 3217; 7992
7505; 4760; 3707; 3177; 3696; 9970; 713; 8196; 2152; 5563; 8903; 8789; 7585; 332; 6162; 1826; 9388; 447; 2183; 1383; 6420; 6537
8177; 5721; 7573; 4104; 6323; 4442; 1799; 6310; 4596; 1434; 2342; 5806; 6345; 7412; 3534; 2708; 6229; 2040; 6453; 1893
1160; 4867; 2860; 9474; 7389; 2217; 3801; 9489; 1627; 3082; 7683; 89; 5707; 383; 6140; 461; 3720; 4898; 8142; 8180; 806
6372; 289; 1174; 2324; 9211; 4361; 8562; 9138; 7016; 8436; 8082; 3440; 3930; 6122; 3098
5659; 5378; 562; 7929; 708; 1224; 2854; 5164; 2691; 4064; 6667; 5259; 5540; 5109; 8787; 1845; 6845; 2775; 44; 2361; 8544
4439; 9491; 979; 8535; 1853; 7270; 7955; 5240; 8875; 4084; 6160; 1036; 6159; 1259; 7613; 334; 4037; 8626; 9136; 4993; 7112; 3170
5662; 3320; 9766; 4291; 5525; 3566; 6135; 4799; 5785; 8606; 5513; 4072; 4661; 7889; 6868; 1844
6673; 8483; 5668; 1612; 4239; 4091; 811; 6101; 1916; 415; 1085; 1480; 9586; 9115; 4707; 2447; 4787; 6425; 4244
4237; 5762; 1972; 6413; 951; 9920; 6639; 5401; 7672; 1484; 8595; 3600; 93; 2836; 7136; 2344; 6468; 7622; 6301; 6053
9869; 9877; 2670; 4143; 7013; 8782; 2923; 5011; 627; 3011; 2831; 7300; 4288; 9207; 5429; 2138; 9262; 7820
459; 9251; 171; 5561; 221; 7807; 6505; 1226; 4957; 5019; 6091; 3462; 6494; 6479; 4386
1889; 8718; 2532; 3827; 7632; 4374; 5089; 3446; 1312; 2685; 9951; 7238; 1503; 8534; 4706
2225; 3621; 7158; 2471; 4652; 3141; 6580; 9779; 8001; 2362; 1012; 5140; 4935
7527; 5453; 5317; 5704; 4802; 8876; 319; 1182; 5443; 7969; 8968; 2752; 7996; 8784
5515; 8884; 7954; 1042; 1846; 5390; 8768; 1184; 906; 1330; 7317; 2671; 3671; 8273; 5625; 9802; 4; 48; 4775; 5567
1320; 3529; 1689; 8604; 2655; 3642; 8980; 1520; 1626; 6940; 9991
4021; 5379; 9825; 8779; 6609; 6418; 4462; 882; 2553; 9757; 9571; 8311; 2396; 9092; 9340; 4027
5037; 1817; 1936; 6840; 6475; 3570; 3470; 493; 3573; 939; 2316
3574; 9741; 1183; 173; 5796; 9782; 1083; 8411; 9334; 5090; 6040; 2935; 6180; 5441; 3679; 7588
1190; 3951; 2855; 1389; 5436; 2027; 4494; 9590; 1013; 4130; 5618; 386; 949; 8723; 9687; 3657
2119; 4818; 1228; 7050; 513; 9944; 2252; 9281; 6407; 5582; 7478; 4689; 1683; 3259; 7303; 2820; 8700; 8156; 9291; 498
1630; 1222; 8936; 777; 976; 3157; 3773; 4069; 6333; 9350; 7669; 8114; 3984; 7014; 5258; 4024; 2759
9894; 2303; 270; 4992; 2584; 9026; 2273; 3791; 2173; 8547
3970; 7552; 2077; 7713; 7551; 4926; 6591; 549; 1090; 367; 5502; 8675; 682; 1387
2951; 1064; 8099; 6501; 4509; 27; 5784; 1721
8078; 1258; 2399; 5464; 3328; 3352; 3367; 7338; 4392; 2221; 9706; 7722; 3432; 555; 4814; 7668; 7420; 8027; 5944; 5001; 4147; 7709; 8026; 4697
5849; 8866; 6933; 8062; 9505; 4251; 4271; 8417; 9679; 8485; 3227; 6717; 8461; 4922; 2017; 8985; 6085; 3742; 7259; 5984; 2472; 9981; 7507; 9280; 7849; 6660; 4878; 6566
6900; 7099; 9001; 7076; 1260; 1409; 7494; 263; 9891; 5843; 883; 4616; 2636; 5666; 750; 5304; 4725; 9439; 8767; 8115
2151; 1517; 3969; 8193; 4205; 2306; 7659; 6495; 7873; 1070; 9931; 8975; 1955; 9717; 1629; 1093; 7069; 7043; 6601; 7664; 9126; 6724; 3838
4671; 5302; 2705; 4306; 6641; 9580; 7191; 516; 2264; 61; 1449; 7000; 8347; 3613; 9097; 7560; 7910; 3125; 8286
1690; 1637; 5902; 7445; 603; 6943; 9631; 9486; 897; 9617; 793; 9815; 4355; 3945; 6907; 2900; 5593; 353; 4160; 4824
6356; 5629; 3351; 4433; 8281; 403; 1056; 3585; 9705; 6989; 1669; 6236; 7750; 7427; 3182; 4058; 8258; 5102; 5998; 5549
683; 1679; 4825; 6799; 3038; 6985; 3429; 1782; 109; 6430; 7998; 3578; 9670; 3114; 3810; 1545; 8109; 2140; 8543; 2994; 7946; 8216; 9472; 6219; 4349; 8299; 4152
4422; 5751; 4163; 7765; 5957; 2668; 6438; 834; 9990; 5747; 2251; 4133; 8573; 335; 3034; 9068; 4365; 2545; 8536; 4407; 895
7367; 5489; 2418; 6009; 593; 3240; 1051; 8352; 2846; 7973; 9024; 4331; 6889; 7728; 8845; 3149; 5492; 7440; 4680; 3923; 1567; 2136; 1446; 948
2960; 159; 5880; 507; 3839; 4410; 9635; 370; 1391; 4202; 170; 1584; 1913; 2400; 9378; 3598
5916; 6153; 280; 7461; 4585; 1211; 4701; 4991; 634; 7184; 6634; 7147; 8211; 6892; 3744; 9582; 5765; 5746
8785; 6763; 6347; 5711; 1596; 5845; 2053
4656; 9545; 8467; 8882; 2801; 8153; 5479; 1674; 9683; 8251; 705; 2021; 4088; 3998; 6624; 2206; 6962; 1590; 3142; 5499; 7151; 6073; 3605; 266; 455; 5524
3115; 868; 3168; 5004; 7594; 9085; 2554; 556; 800; 8219; 2901; 2763; 5183; 8010; 3438; 5430; 5517; 7874; 7060
7991; 814; 1124; 4838; 9648; 453; 4741; 3341; 2669; 3905; 4691; 7236; 8310; 6313; 4882; 1107; 8545; 1306; 4899; 5698; 9244; 4035
2949; 8891; 9558; 9575; 2222; 4644; 1925; 4219; 9482; 2338; 5263; 2254; 8885; 3230; 2528; 5279; 1015; 1115; 1929; 1827
8665; 9431; 6075; 1080; 643; 6112; 7500; 1348; 88; 3511; 2039; 4683; 9221; 5145; 4816; 9795; 1245; 2738; 6437; 2628
6654; 3949; 5609; 2067; 8616; 566; 3029; 4959; 9161; 8740; 4601; 9564; 402; 3989
6309; 743; 1938; 8390; 3888; 7902; 3714; 877; 6832; 8229; 1127; 6451; 9156; 209; 5081; 4036; 8471; 3331; 1358; 9906; 6336
435; 6797; 8012; 1924; 2139; 7374; 2378; 9019; 5246; 1564; 2161; 7749; 3935; 4059; 8192; 5416; 3269; 2458; 4595; 6931
8755; 515; 1744; 5201; 4046; 1809; 2006; 3364; 3290; 2533; 4115; 4702; 8950; 805; 5594; 9638; 4681; 6167
7175; 4157; 6555; 8095; 2827; 701; 6623; 6536; 9213; 5276; 1716
2856; 8864; 8420; 1959; 9222; 9544
1119; 7118; 6285; 7458; 7830; 8819; 6535; 8412; 8802; 1791; 9089; 7522; 2456; 2919; 5193; 4006; 8203
6059; 839; 1717; 5852; 5181; 7370; 5439; 832; 934; 6918; 5726; 6028; 6586; 5770
6060; 4342; 3026; 8469; 9428; 5235; 8468; 2467; 6693; 3050; 5205; 6960; 2083; 9947; 4189; 6893; 6503; 5886; 3656; 17; 6725; 1763; 8540
7362; 4383; 688; 4254; 1134; 4529; 3770; 1764; 3715; 158; 5954; 5027; 5448; 2166; 884; 6849; 1811; 2661; 3187; 9364; 8830; 8496; 269; 4377; 3545; 2598
5641; 8409; 9328; 2106; 6653; 2618; 8433; 3495; 611; 6015; 3373; 5424; 5119; 1967; 1094; 5103; 1561; 5414; 126; 7842; 8679
3202; 8108; 8266; 1785; 3456; 5221; 1722; 3508; 741; 5959; 4932; 4972; 3855; 7284; 4039; 5694; 4997; 2574; 6277; 6947; 2121; 4103; 7435
7366; 7520; 6826; 7340; 4987; 4897; 42; 4684; 6929; 3733; 6289; 5950; 2723; 6403; 2107; 1369; 1926; 7470; 5012
6067; 8969; 620; 925; 2202; 78; 3990; 5878; 2463; 1022; 8005; 5186; 7729; 6340; 2419; 5226; 9311; 3197
2872; 9570; 5883; 9905; 712; 7569; 2145; 7545; 4947; 8267; 6109; 4713; 1359; 6383; 7174; 4767; 3178; 1724; 5522
3883; 6132; 6522; 5591; 1961; 5623; 1662; 2704; 7425; 2240; 4590; 8974; 2390; 139; 6975; 5857; 9371; 1501; 8071
2204; 3634; 9817; 2003; 1021; 8269; 6728; 188; 6680; 5969; 9688; 9039
3212; 3925; 2713; 6106; 9187; 2524; 1307; 3537; 7937; 8642; 5241; 6480; 2580; 3424; 2339; 2818; 6590; 3338; 381
5652; 9960; 4587; 988; 7571; 9868; 2279; 122; 3979; 8647; 2386; 4896; 3294; 7809
1155; 3235; 6478; 5488; 7264; 3147; 2891; 8636; 1595; 7004; 9266; 5110; 9374; 9017; 3337; 1677; 8016; 2644; 2123
2877; 6096; 5708; 3868; 3108; 5926; 2701; 8136; 2495; 4063; 8037; 6137; 4474; 5071; 6010; 5514; 275; 4734; 1205; 6378; 3148; 5082; 776; 9711
7377; 2041; 8460; 9101; 9022; 7106; 9908; 1928; 9645; 6581; 4457; 4436; 5879; 2154; 9359; 9258; 6408; 3047
8176; 8854; 3041; 6877; 846; 3261; 3056; 8246; 994; 8897; 8953; 6930; 8218; 3184; 5914; 388; 5364
4435; 1475; 591; 7816; 3071; 5875; 5391; 2771; 6126; 9426; 4858; 9835; 6595; 4586; 9470; 8249; 9965; 4806; 6979; 9547; 4828; 6565; 3890; 6177; 6145; 2268; 3100; 9962; 3374
6243; 2428; 6716; 2888; 4636
7516; 1947; 8966; 1357; 1204; 7967; 3174; 9120; 4344; 8293; 5189; 8680; 8682; 4482; 8761; 7355; 411; 5254
9533; 5858; 8681; 1507; 4558; 6259; 9391; 8145; 1225; 4687; 8964; 3728; 5798; 5804; 3326; 3780; 5700; 9004; 1488
3903; 3661; 9681; 573; 6742; 7336; 2262; 5313; 8737; 4763; 9910; 5882; 6423; 4144; 2627; 2594; 3295
9538; 2583; 5335; 2612; 9824; 1353; 5170; 4872; 2510; 9003; 2084; 8472; 1109; 5781; 7525; 4751
8869; 960; 1528; 9680; 6904; 8274; 7562; 807; 6299; 6687; 4515; 5816; 530; 2457
7863; 1655; 2744; 7964; 9106; 5167; 2026; 526; 4458; 1665; 8348; 6981; 5363; 29; 3764; 2957; 9052; 7628; 3747; 25; 2371
6941; 6287; 4518; 6952; 5860; 7240; 4124; 2310; 5305; 5406; 5891; 2736; 6831; 2548
618; 7718; 3955; 356; 8340; 3284; 4264; 2132; 169; 8600; 2287; 3725; 5210; 3498; 5137
161; 5848; 9325; 7473; 7649; 4295; 9997; 2162; 3921; 8770; 9695; 83; 3366; 9805; 5634; 6025; 6642; 4538
8093; 5577; 1242; 5373; 2090; 506; 4722; 3760; 6696; 8603; 7349; 862; 3102; 2773
9878; 9876; 1870; 8754; 2469; 678; 8999; 3870; 4794; 9054; 3982; 7173; 5988; 8624; 6773; 1632; 3670; 7490; 329; 8846; 9828; 2959; 599
9168; 3941; 2294; 3449; 6248; 6348; 6247; 7450; 15; 7974; 4735; 8465; 845; 5174; 9212; 9650; 9009; 1253; 6515; 6766; 322; 3729
5217; 3175; 5964; 2719; 4045; 2329; 7994; 7301; 3336; 1611; 2424; 2540; 1649; 3278; 3119; 7714; 5846; 1148; 2858; 1984; 706
9169; 665; 7331; 2747; 2817; 551; 7495; 8516; 6228; 5990; 464; 8957; 6932; 6218; 4634; 7313; 1344; 9250; 1371
9172; 2603; 5268; 9043; 7159; 1431; 2429; 9596; 354; 9546; 5697; 8923; 631; 1818; 4095; 8970; 6255; 9370
7493; 4938; 3143; 6120; 2620; 7521; 9227; 4452; 9821; 98; 3694; 9182; 1408; 5533; 6956; 5651; 7083; 9034; 1262; 6668
1862; 4318; 8523; 4329; 4301; 2135; 4514; 1812; 5717; 2098; 2688; 2063; 7856; 8022; 4918; 324; 9692; 4790
4888; 2008; 9478; 3481; 3860; 7096; 8692; 5231; 8652; 4450; 1910; 8; 7132; 230; 4915; 6815; 6003; 1087; 3022; 7325
6656; 6474; 6719; 550; 9616; 8672; 4611; 5940; 9641; 2874; 4757; 4171; 6643; 4119; 766; 9715; 9518; 5160; 8976; 3485; 9157; 5287; 644; 4639
3209; 9057; 748; 9573; 3439; 6753; 3665; 8793; 9559; 2927; 9302; 8542; 8225; 4230; 2322; 9387; 9702; 7540; 176; 3332; 3644; 7686; 7414
2413; 8733; 9926; 7754; 5587; 1622; 3658; 9336; 6365; 7079; 2374; 5301; 4907; 4196; 1907; 4165; 1777; 890; 6187
4892; 3531; 1919; 1942; 5250; 4729; 1971; 1587; 6776; 3276; 9061; 6077; 6263; 412; 6785; 2663; 5213; 1831; 1701; 6473; 781
466; 4061; 9481; 1927; 6807; 6625; 8494; 2538; 1049; 9771; 5445; 9669; 904
2230; 7164; 3316; 1790; 3596; 5257; 3757; 5208; 9698; 7436; 7818; 1918; 5365; 7803; 1789; 9362; 4549; 7741; 7036; 3000; 8202; 8878; 2717
3239; 9712; 9788; 595; 5904; 8297; 6691; 3816; 9968; 5366; 5933; 2933; 1277; 7237; 7066; 53
7956; 5281; 4192; 7771; 7645; 697; 5942; 4309; 7154; 9974; 9676; 2030; 7224; 9800; 5142; 2275; 902; 5617; 4977; 5887; 7678
9661; 9116; 6816; 7905; 206; 7665; 5134; 3084; 6805; 7538; 6631; 2619; 3268; 8797
3623; 5559; 546; 6906; 7930; 5478; 8381
3776; 3886; 7826; 7543; 1068; 1781; 2876; 2937; 6920; 8244; 8724; 2190; 9984; 8997; 6703; 3616; 865; 6781; 9884; 4945; 6521; 2851; 6078
3409; 4728; 6607; 7142; 1505; 4142; 150; 5812; 3314; 4234; 3058; 2086; 9076; 7098; 7559; 4598; 6833; 3504; 2451; 3425; 5547; 299; 8910; 6373
4669; 5295; 346; 4844; 3030; 7306; 5635; 8161; 2271; 3992; 704; 7764; 357; 9722; 4445; 8808; 3020; 2144; 6990; 3947; 6288; 183
4670; 2868; 7993; 309; 5778; 9778; 4320; 255; 9630; 3778; 8933; 9550; 6946; 3758; 4236; 7330; 6863; 8223; 2007; 9400; 1581; 4472; 7463; 321; 1082; 6442; 6412
4964; 4561; 4488; 2064; 7448; 2908; 5589; 63; 2453; 6704; 7208; 4908; 1508; 6842; 2031; 6564; 2651
1941; 8178; 7188; 7390; 3627; 8035; 6049; 8482; 9399; 1694; 9319; 1010; 7233; 4678; 7358; 3933; 8558; 2370
2615; 7053; 1755; 2141; 5309; 4773; 7940; 8380; 8378; 8478; 4382; 4079; 694; 5973; 922; 6083; 2559
8079; 534; 1079; 6128; 103; 9881; 5965; 5723; 497; 1164; 5603; 5397; 194; 2407; 9577; 3784; 3491; 3049; 3991
4716; 5909; 7176; 9856; 991; 8960; 3967; 7948; 9185; 4560; 7757; 613; 2648; 4174
6866; 8303; 3509; 3790; 8018; 3312; 7130; 1352; 243; 6732; 5327; 535; 2946; 3257; 950; 3386; 1700; 4067; 2926; 4097; 5647; 9008; 2816; 9566
3719; 404; 8982; 5361; 7402; 7913; 145; 4273; 3579; 7557; 1588; 6343; 5661; 625; 8706; 2984; 2546
1635; 8126; 3192; 4594; 5799; 5277; 344; 2799
9249; 9603; 1365; 1122; 684; 3972; 9366; 5031; 3894; 4831; 8301; 7207; 9283; 8205; 1863
3199; 786; 509; 4557; 4523; 5527; 4470; 600; 3609; 6682; 1019; 4008; 4502; 6387; 7634; 1601; 614; 213; 6652; 1274; 5569; 5253; 6954; 5040; 7738; 6497
7068; 1732; 4304; 633; 2813; 5604; 8704; 7708; 4995; 6379; 5821; 2099; 1518; 7817; 9861; 2353; 4162; 4040; 3809; 3179; 1555; 3893; 5791; 9145; 5518
723; 9117; 9619; 4916; 2185; 2449; 8497; 4330; 5194; 6844; 1437; 8141; 1340; 5674; 7517; 7794; 1441; 8103; 4654; 5931; 4653; 2828; 541
4419; 900; 5876; 9199; 4550; 3357; 9551; 1470; 6396; 6851; 5505; 6272; 3550; 1188; 2807; 4660; 6626; 3414; 7812; 5574; 6937; 3781; 2513; 6470; 4305; 2436
8498; 1675; 8285; 3185; 5919; 394; 5045; 6618; 7707; 2376; 4310; 1113; 8439; 3488; 7801; 1965; 7405; 910; 501; 4267; 3749; 7703
9506; 9448; 6636; 8908; 8757; 3160; 7887; 2168; 9339; 8187; 2442; 4637; 7589; 9612; 6957; 8971; 958; 5349; 8140
5220; 6736; 700; 8906; 7194; 2263; 6286; 4000; 6055; 2812; 2320; 7282; 1170; 4629; 2522; 6041; 3690
7072; 7658; 138; 527; 3311; 5407; 6267; 7376; 9949; 79; 2425; 3044; 3688; 3693; 52
1735; 7103; 4698; 8368; 943; 8158; 9671; 4536; 7989; 1086; 9602; 3107; 5151; 4638; 2213; 7811; 8107; 7186; 7591; 4380
9845; 6582; 7075; 9240; 8683; 5790; 9523; 7710; 8853; 3916; 9567; 3436; 8881; 8977; 675; 375; 5648; 4572
1866; 7752; 1248; 7866; 3233; 9677; 7185; 9721; 5596; 1570; 5937; 4901; 273; 2091; 7211
8851; 8794; 68; 2698; 2001; 127; 5169; 6927; 8973; 8804; 8081; 2789; 5638; 7512; 774; 7530; 8333; 7529; 1771
8867; 4302; 8302; 9658; 7045; 389; 671; 8796; 780; 2110; 8946; 5918; 2909; 9699; 2312; 2317; 5759; 7009; 7700
4544; 3503; 2236; 6447; 4676; 3356; 5143; 9754; 7281; 876; 8304; 4298; 7883; 2979; 2497; 4820; 3710
7619; 6814; 1372; 909; 9889; 1116; 7549; 5357; 6619; 2712; 350; 926; 5371; 822
99; 4370; 1920; 9958; 6169; 9124; 168; 7931; 7051; 8105; 6209; 659; 3344; 5376; 4930; 1989; 1279
610; 6188; 3309; 1031; 9372; 3405; 3753; 4283; 1556; 961; 9417; 5461; 8437; 4327
5953; 198; 9937; 5552; 9365; 4673; 1968; 5872; 8454; 8054; 8328; 8892; 6541; 8238
9985; 9317; 5307; 7054; 589; 817; 46; 1663; 2792; 9038; 2117; 942; 7919; 2391
9882; 6635; 8015; 9282; 3055; 7880; 4855; 7947; 5978; 5292; 9936; 638; 6861; 7446; 1726; 1727; 2765
7337; 8664; 426; 405
6182; 5211; 1238; 9634; 6633; 8356; 2567; 1720; 6794; 3723; 2210; 9738; 887; 6436; 3293; 552; 5355; 568; 454; 9306; 1823; 4709; 4984; 2568; 8745
4880; 7751; 4615; 58; 9045; 2474; 3918; 1471; 7077; 1533; 5605; 3083; 9668; 4456; 6784; 8559; 818; 3772; 3090; 8623
5216; 2658; 1867; 6509; 6939; 5382; 8055; 380; 4141; 1668; 2894; 5420; 4667; 9441; 9413; 3547; 1993; 2459
6649; 2988; 3103; 837; 6872; 2617; 4857; 1002; 6841; 8023; 8123; 1382; 5; 1559; 4886; 9265; 6125; 92; 6802; 7792
4211; 7262; 9556; 9449; 999; 214; 199; 2629; 4073; 2029; 5280; 6637; 639; 6747; 6314; 5465; 5394; 2446; 893; 2996; 4499; 1452; 8760
7365; 67; 6707; 3833; 8060; 1105; 6664; 189; 5834; 7038; 7865; 9466; 3486; 318; 4812; 804; 2725; 870; 4015; 7033; 3902; 1117; 2882; 8752
4885; 4431; 6424; 5733; 4465; 3468; 8818; 3218; 62; 5010; 3067; 1044; 5255; 5585; 4080; 6910; 1091; 5028; 8175
3206; 5256; 3727; 7288; 525; 10001; 5065; 6982; 478; 7272; 4396; 6150; 3075; 352; 9502; 9849; 6369; 3785; 6294; 5877; 8290; 9768
444; 6328; 7590; 6344; 9665; 4631; 5839; 5917; 9659; 6484; 4860; 4732; 4548; 1975; 1137
5657; 9707; 3506; 3934; 6141; 6482; 8288; 81; 6884; 6250; 8313; 3402; 2902; 4704; 1748; 6152; 4679; 2915; 7299
8852; 6006; 4869; 2292; 3952; 8121; 5369; 2652; 4610; 5691; 7879; 2516; 946; 7605; 820; 9764; 7802; 347
4441; 6249; 8828; 8660; 8526; 7597; 3033; 8224; 8259; 5049; 3899; 5418; 8670; 2690; 7474; 1339; 7398; 5026
452; 5971; 1481; 5437; 77; 2499; 4565; 1282; 1243; 6007; 7327; 7396; 7093; 8645; 3618; 2614; 5291; 7283; 1944; 5884
1169; 8942; 36; 6761; 6224; 192; 6143; 2551; 2103; 2600; 2966; 1643; 6260; 5113; 9973
751; 2582; 8996; 2654; 3698; 9613; 95; 7198; 7570; 5807; 372; 2535; 6890; 1351; 6171; 6386; 6487
7107; 7223; 2033; 3088; 2171; 3321; 2943; 4815; 8776; 1552; 2853; 4552; 990; 2673; 9917; 7040; 8823; 2051; 2941; 9883; 9440; 6579
8872; 7162; 1004; 7772; 6011; 9237; 1526; 4099; 1610; 9834; 629; 5129; 9128; 8949; 1317; 4086; 2665; 2056; 9142; 8327; 5123
5018; 9379; 9125; 6170; 3362; 4566; 8587; 1118; 9422; 4279; 7743; 8449; 7391; 9096; 4717; 4682
3122; 7480; 9552; 6429; 1237; 8021; 560; 7031; 3260; 9403; 5560; 4823; 6690; 6115; 8753
637; 912; 2507; 3068; 1652; 1943; 5432; 3524; 6155; 4727; 5083; 1007; 2066
1859; 7447; 6614; 2511; 5380; 5116; 8506; 201; 4050; 8067; 6129; 2958; 6179; 5100; 7165; 3155; 7353; 2037; 9839; 7586; 3162; 8111; 4154; 3563
1142; 9649; 5736; 4688; 4128; 6935; 3681; 8261; 85; 8396; 3093; 2560; 5758; 9109; 9192; 3016; 238; 5847; 8097; 2635; 3421; 5653; 3641; 3313; 1788; 9345
1730; 5558; 1566; 9732; 6048; 2377; 6721; 7911; 3986; 9562; 6409; 9195; 7351; 3437; 6882; 4453; 1264
4209; 6512; 9654; 570; 8833; 4692; 7413; 9111; 3953; 2291; 1935; 5360; 7976; 9315; 7611; 6553; 7439; 1741; 4969
6355; 278; 7674; 6945; 1055; 5949; 8438; 5367; 5350; 5512; 6452; 7496; 2443; 202; 2164; 719; 3220; 5544
8834; 9293; 1583; 9056; 915; 9493; 4038; 3349; 413; 1865; 3995; 7852; 547; 1066; 1719; 5828; 8353; 2394; 6481
9170; 7267; 1908; 9549; 7890; 207; 3630; 2757; 6282; 8620; 1410; 6082; 4010; 4617; 227; 8127; 3025; 1988
431; 1711; 399; 2536; 1206; 8822; 6968; 4792; 9193; 8492; 8507; 4928; 6983; 6600; 4577; 8824; 3502; 8053; 7896; 2483; 7719; 6391
434; 6627; 7960; 6397; 8800; 6692; 9919; 5128; 1424; 7574; 3767; 6455; 2261; 3053; 2142; 8571; 3592; 4513; 3487; 468; 9013; 847
8167; 8474; 7002; 1586; 2977; 6186; 7437; 8401; 2481; 21; 9911; 3455; 3926; 7218; 4313; 4512; 7539; 421; 4451; 4776; 5497
1445; 5946; 5392; 7199; 4326; 5048; 4371; 9011; 1671; 5192; 8863; 9652; 7662; 601; 6366; 8687
7499; 4627; 2323; 5460; 4738; 1535; 503; 5033; 778; 1994; 3476; 8644; 305; 5325; 180; 6498
3884; 1830; 7309; 7120; 1362; 8956; 5530; 6897; 7615; 1896; 2028; 2613; 5120; 2500; 5055; 5473; 6444; 810; 8157; 9012; 7003
9184; 931; 6824; 6384; 7667; 4020; 5067; 1385; 7344; 760; 4582; 9959; 1911
1875; 2982; 8061; 7456; 9827; 3617; 8222; 5293; 8242; 146; 217; 7550; 660; 6232; 538; 9152; 7089
7087; 2632; 1881; 5051; 6971; 9976; 2218; 3009; 8421; 349; 3494; 9247; 9604; 7443; 6050; 3013; 3610
9859; 7123; 7061; 4044; 16; 7770; 6181; 5308; 859; 7735; 1953; 7297; 4982; 4600; 365; 8391; 7567; 6712; 1606; 3946; 3389
9524; 7656; 6825; 6018; 3830; 4176; 8622; 4232; 9636; 1112; 1995; 8856; 916; 5981; 3695; 9938; 7384; 9777; 8874
7846; 3097; 4487; 5888; 7213; 3499; 100; 5753; 94; 6570; 7688; 1510; 9376; 6567; 4289; 6095; 9980; 661; 7607; 4749
8186; 4085; 4190; 7618; 3005; 7049; 7860; 1186; 4917; 8673; 6103; 6821; 2653; 6525; 239; 3489; 4249
2432; 3956; 863; 7660; 4747; 7304; 8277; 3917; 1802; 8020
4245; 7580; 1323; 3469; 80; 2916; 226; 96; 4125; 7899; 4052; 9572; 3518; 390; 11; 3347; 2610; 1418; 6237
1978; 9305; 891; 366; 3453; 5297; 886; 6039; 9685; 4500; 5260; 1614; 425; 1650; 3263; 195; 9987
157; 5871; 5788; 8338; 6330; 8575; 6266; 7654; 4282; 945; 71; 3070
5546; 7170; 9943; 8549; 7885; 8944; 4649; 9498; 9424; 7126; 64
8457; 6027; 2693; 4970; 1014; 8686; 849; 9338; 8284; 2829; 7277; 9799
1702; 6026; 1394; 5819; 9822; 110; 8584; 9713; 6201; 8073; 1422; 8150
1672
9015; 3441; 7335; 4428; 4081; 2074; 8959; 6949; 3012; 7246; 1039; 65; 5056; 9427; 6390; 5108; 7775; 1506; 7416; 729; 300
4417; 6970; 6389; 6513; 2866; 4440; 6337; 4833; 2072; 7157; 1057; 5865; 522; 2515; 4150; 2963; 7666; 398; 2020; 731
2565; 4835; 3496; 9155; 5639; 9600; 6991; 3052; 3848; 7381; 2810
3874; 3840; 8207; 4597; 7528; 996; 5434; 2245; 4187; 3912; 7287; 2195; 294; 490; 7468; 2611; 7352; 6944; 7774
4420; 4398; 1964; 8640; 2293; 1006; 1813; 1285; 8915; 2112; 4481; 4022; 4366; 9041; 2095; 1849; 7008; 4060; 7916; 7917; 4108; 5681
3203; 8715; 803; 179; 6684; 1939; 4217; 3857; 1303; 9198; 5101; 4269; 9977; 3629; 1050; 6961; 7592; 4966; 8554; 677; 8961
432; 4807; 3526; 1201; 5384; 6748; 2035; 9100; 966; 3380; 775; 4519; 2520; 5346; 923; 6308; 7341; 4156; 5797
3204; 9084; 3027; 2599; 3138; 4821; 6454; 9785; 7509; 9047; 6416; 3345; 7323; 6207; 4098; 7548; 7778; 3172; 8308; 2790; 5713; 6054; 1241
1147; 6709; 2178; 3583; 6298; 5185; 55; 70; 7726; 8278; 3937; 1100; 216; 5714; 4675; 3740; 229; 6786; 9245; 8271
2197; 8493; 8256; 5507; 7606; 5564; 2631; 7702; 3920; 2925; 3323; 642; 6472; 8859; 5731; 1075; 5976; 4903
8165; 3133; 6638; 3569; 2689; 1842; 1906; 4364; 728; 436; 5851; 7983; 6395; 3478
6360; 7479; 2621; 3978; 8036; 1045; 5702; 2109; 9553; 2348; 106; 6789; 3406; 3346; 4983; 3355; 1810; 621; 364; 2460; 8577; 18; 6030; 9238
8839; 3394; 5405; 2948; 826; 2148; 7182; 1419; 3358; 5506; 5970; 7661; 699; 4672; 1940; 5057; 6806; 9260; 3901; 5111; 7918; 1038
1864; 7128; 5036; 4632; 8741; 6046; 9895; 2069; 2278; 6052; 1512; 3211; 8883; 6662; 5230; 9267; 7602; 3118
4218; 446; 2421; 5386; 2779; 2987; 5053; 4467; 9139; 8550; 9776; 4564; 5417; 2065; 8816; 5947; 3736; 907
6070; 982; 2235; 7633; 9497; 6685; 8514; 1656; 7410; 400; 2971; 710; 7025; 4810; 2363; 3812; 8886
1447; 7042; 7124; 7884; 4503; 5068; 1292; 3510; 5538; 3637; 1373; 3296; 1575; 1395; 2427; 574; 5311; 4172
4221; 382; 7704; 8173; 9752; 892; 9215; 1903; 5520; 5750; 8994; 8765; 3307; 9384; 3611; 6488; 2616; 4744; 1123; 3180
4222; 7604; 6697; 2036; 8131; 3523; 874; 2809; 7843; 2015; 8217; 9733; 8365; 9341; 8641; 7630; 2710; 7441; 5409; 4229; 8451
8510; 7190; 6268; 8857; 2011; 9871; 475; 5114; 8029; 5400; 4223; 511; 3536; 8716; 9673; 5794; 8887
2208; 4090; 9773; 6370; 9913; 8085; 4479; 2699; 3994; 8978; 2777; 8268; 4493; 6081; 1125; 1159; 3676; 1880; 8007; 3490; 7311
5233; 6867; 6291; 6620; 3939; 3117; 6568; 2645; 8965; 8525; 9144; 2270; 8088; 3567; 9589; 72; 3575; 4248; 6759; 9414
8849; 2913; 6780; 1962; 7523; 8618; 1793; 6136; 9073; 823; 1604; 542; 4664; 1401; 9299; 316
2423; 1678; 9242; 718; 3861; 7145; 4786; 8106; 1638; 935; 3651; 1350; 9272; 8809; 5586; 9863
8520; 4920; 5665; 663; 2365; 5671; 7121; 5850; 8533; 9967; 6676; 790; 8221; 1945; 6105; 6223; 325; 3576; 148; 4510; 973; 7231; 3735; 9689; 1605
1171; 9492; 6190; 9593; 5495; 7758; 5402; 9146; 8931; 7988; 880; 6543; 3433; 1247; 947; 5539; 4278; 1191; 19; 8674
1468; 2564; 8806; 6517; 9314; 6818; 7141; 4347; 8566; 6402; 6056; 120; 1208; 616; 8801; 3548
6092; 5541; 7146; 5298; 6432; 768; 3987; 5859; 6166; 7285; 4483; 4521; 172; 3095; 4473; 652; 3631; 6733; 3250
8530; 1687; 4779; 5187; 529; 8043; 3164; 2680; 5676; 6332; 4287; 7783; 1364; 9907; 4177; 8019
308; 824; 5066; 7409; 664; 2709; 6974; 8556; 4605; 5403; 4978; 8646; 7133; 3814; 624; 7015; 7122; 1642
8292; 2796; 5903; 2101; 6121; 4789; 2071; 2122; 6331; 9216; 7868; 2980; 4626; 212; 558; 6220; 116; 6325
7220; 8331; 2502; 4203; 4149; 1024; 1342
5021; 345; 7252; 3111; 4136; 9725; 1329; 5842; 6723; 8443; 9269; 9954; 6414; 7977; 9408; 7694; 1540; 1921; 6456
9329; 8791; 3073; 6400; 4929; 9921; 2907; 2938; 7333; 2043; 4606; 6603; 4999; 7805; 8662
5139; 3279; 384; 9363; 7278; 2932; 3625; 1952; 8609; 1931; 2954; 1661; 3466; 7430; 24; 533; 7200; 5332
7731; 9862; 9036; 7760; 5314; 1901; 1591; 1284; 6992; 2045; 9499
944; 6887; 1200; 7938; 9127; 6594; 1065; 4047; 6613; 2277
1691; 4379; 4414; 2468; 5864; 5562; 2299; 2401; 9412; 6043; 8135; 6838; 2805; 4592; 5282; 7294; 4145; 572; 1618; 3471; 9349; 302; 5425; 1180; 6426; 5686; 8698; 414
721; 7685; 4785; 1714; 8444; 5467; 3568; 6246; 9014; 5423; 3632; 6612; 3565
4879; 4591; 6200; 1563; 3856; 4931; 6158; 5853; 9347; 5034; 2445; 4427; 9454; 5645; 5607; 4798; 1106; 9451; 6740; 4296; 3643; 6184; 7476
7067; 232; 523; 2462; 6496; 3303; 6213; 2739; 8031; 5838; 4348; 1415; 9023; 8649; 301; 9425; 2769; 1398; 9647
7361; 6206; 6829; 6708; 7717; 108; 2055; 5324; 8548; 3398; 7824; 5150; 6606; 5476; 8452; 1736; 4337; 3677; 7581; 9270; 8582; 2552; 9836
8495; 142; 936; 7740; 6980; 3234; 5636; 9790; 6546; 2313; 9405; 2431; 9918; 4904; 272; 9517; 7268
2402; 3522; 3619; 8200; 5091; 1579; 9031; 6554; 2167; 5795; 2687; 6659; 607; 7212; 8732; 8972; 3806; 1388; 2180
3411; 3223; 3880; 3620; 7080; 617; 121; 4793; 2450; 8898; 3640; 8633; 8593; 5248; 5764; 8491; 8361; 3964; 3561; 4268; 4524; 3974
1438; 4711; 6086; 2433; 1900; 1749; 9133; 8446; 9477; 1040; 5159; 1905; 5029; 5955; 2667; 4705; 4647; 3245
7070; 5112; 6013; 1404; 4990; 3128; 4607; 2722; 4013; 7357; 2832; 8425; 5125; 8621; 953; 4076; 3805
2867; 3112; 3948; 5752; 9941; 6529; 864; 9996; 5866; 2408; 6477; 3473; 1784; 3709; 7915; 1311; 1815; 645; 1316; 4690; 1582; 787; 8151
4423; 1138; 4253; 4121; 3422; 8775; 7449; 3228; 1708; 2382; 5565; 3229; 3388; 5121; 2822; 1333; 8357; 563
9173; 8989; 502; 4979; 7266; 6079; 9318; 9618; 7621; 8708; 2253; 4875; 9134; 3231; 6578; 3649
4424; 5532; 3166; 8403; 7679; 5088; 9324; 4092; 1058; 4372; 7092; 5602; 5715; 6675; 7156; 3553; 7681; 4967; 8746; 6305; 802; 374
9847; 1423; 8772; 4804; 119; 3237; 8199; 7547; 9853; 5510; 7039; 5326; 5485
4429; 1325; 3363; 2012; 9418; 6265; 3010; 4225; 1840; 3751; 8025; 5152; 2392; 4547; 7415; 4739; 1487; 2070; 8362
2883; 709; 9816; 7148; 9389; 6058; 2904; 1768; 102; 7706; 153; 2081; 6926; 6014; 8661; 5456
1754; 4759; 6465; 3081; 6883; 9150; 7676; 9656; 1851; 7179; 4556; 5050
9865; 3074; 1985; 8102; 8346; 9914; 2438; 5774; 9053; 1976; 6768; 1270; 8231; 118; 5105
3242; 8128; 8677; 7177; 4009; 5074; 2335; 3354
2547; 6466; 6399; 8341; 5359; 1430; 4256; 7257; 3797; 3396; 3247; 1227; 2735; 628
7635; 293; 9720; 4029; 8921; 7125; 2575; 3692; 7773; 373; 1898; 7469; 5266; 2967; 8563; 9224; 1917; 3517
2298; 8798
5881; 7239; 9326; 3713; 733; 3392; 1574; 6045; 739; 9872; 2556; 6803; 3716; 3516; 8847
4459; 9639; 9909; 9866; 1899; 1023; 5712; 4322; 1937; 5030; 8298; 4252; 1139; 6713; 7526; 6934; 5321; 773; 1524
5597; 583; 3018; 1824; 3382; 4333; 5218; 3158; 3408; 7847; 3500; 6896; 8630; 8771; 107; 8781; 1603; 4476; 2857; 1053; 6891; 711; 3397; 4409; 3717
8831; 437; 6374; 505; 3626; 3186; 7226; 9892; 4864; 2302; 5289; 2237; 6551; 7242; 5600; 8143; 5836; 6822; 2087; 1648; 9197
9503; 1379; 6047; 2920; 6154; 163; 1406; 9792; 5323; 2355; 8900; 7225; 5598; 6645; 4101; 315; 4432; 7394; 554; 1257; 7332; 578; 1625; 4197; 2134; 9308; 5811
470; 5802; 9104; 467; 9123; 6269; 8499; 9903; 8613; 9930; 6161; 9887; 2659; 5775; 1178; 5646; 9867; 4129; 261
1478; 6008; 4082; 2517; 8185; 6715; 5244; 6354; 1172
429; 5428; 7961; 6953; 7368; 8272; 1018; 7280; 1686; 4854; 4736; 3196; 9700; 7995; 7393; 8355; 9290; 5020; 9381; 9543; 5094; 203
1479; 2328; 228; 1801; 2129; 3085; 7925; 166; 5734; 6476; 7898; 8742; 4579; 2248
8413; 7055; 1692; 9718; 5975; 5422; 3973; 9049; 4498; 5385; 5275; 9860; 5643; 5974; 2686; 1412; 40; 7046
7322; 7193; 9077; 3236; 9033; 1403; 9851; 3718; 35; 6193; 484; 5085; 517; 9574; 1747; 4568; 6290; 2266; 3745; 8568; 7644; 5630
8162; 6439; 1167; 5855; 7641; 7245; 8146; 1181; 8270; 3607; 476; 7763; 7160; 3407; 8234; 3271; 5761; 9279; 6042
2366; 152; 4613; 9594; 2526; 8230; 5070; 4900; 2595; 1742; 2570; 3153
1463; 4912; 5303; 8984; 9726; 3046; 1825; 9969; 2102; 2002; 4874; 9820; 4286; 548
1544; 2928; 7091; 6001; 9471; 274; 6234; 7958; 3365; 196; 9957; 3254; 2023; 940; 6674; 5274; 3965; 2; 2758; 5368; 8792; 9783; 186; 4543; 8774; 4266; 9655; 5490
8159; 1220; 3207; 428; 9690; 1498; 1684; 7001; 7936; 4017; 3505; 635; 6972; 7166; 3645; 9829; 5967; 3243; 8419; 9099; 835; 6238
724; 716; 2840; 8104; 1667; 408; 8132; 1440; 276; 2530; 1251; 9130; 6729; 8252; 7790; 6489; 5912
6062; 7286; 8629; 9087; 5165; 1981; 855; 2238; 472; 3474; 4603; 2461; 2475; 97; 2970; 151; 2634; 1341; 7532; 7433
1860; 9532; 9234; 8033; 4041; 5504; 1850; 5179; 9694; 2057; 5455; 2650; 919; 4294; 8373; 8987; 1624; 9444; 9102; 5972; 8426; 553; 2192; 2379; 4971
6064; 1179; 1531; 692; 7712; 3726; 4201; 8565; 5131; 1453; 3966; 124; 6214; 2383; 9074; 6270; 6065; 920; 2997; 4112; 5404; 248
3205; 2912; 6577; 8228; 8650; 754; 2847; 1144; 5457; 7827; 1946; 8734; 6823; 8319; 8118; 4272; 3887; 9513; 9200; 8181; 7407; 6385; 3393; 715; 6864; 5471; 5353
6066; 5787; 2576; 8817; 2125; 9837; 311; 3376; 4148; 8206; 9351; 9723; 9487; 1876; 2962; 6252; 7230; 8087; 2700
8166; 8077; 8905; 7326; 5154; 7318; 7388; 4581; 8585; 8113; 9709; 3678; 4868; 1202; 3898; 1305; 6588; 8601
9510; 1954; 8260; 3002; 252; 5223; 7882; 7387; 2881; 1792; 5097; 8599; 9494; 2096; 397; 4118; 3258; 3339; 3601; 241; 1126; 4666; 8168; 104; 8040; 630
9511; 3255; 8589; 2479; 6830; 6552; 9818; 8597; 5286; 8124; 5431; 9080; 6538; 9261; 2871; 4871; 4446; 50; 5389; 4341; 4955; 7696
9512; 2490; 8190; 5198; 3154; 9823; 9983; 6242; 2452; 7253; 1059; 1706; 1252; 1041; 387; 9625; 244; 7823; 3381; 2852; 5219; 2737; 6176; 2025
8169; 156; 9298; 1268; 6017; 1096; 14; 5007; 6782; 7235; 8764; 5135; 5952; 3895; 6762; 2404; 9775
732; 5590; 1890; 5906; 7982; 306; 7073; 1185; 7243; 3851; 1367; 1599; 4575; 9846; 7845; 3246; 2437; 1960; 5830; 3832; 6964; 5692
8170; 9186; 6597; 393; 9608; 2174; 7693; 9335; 7813; 1390; 1192; 8086; 7877; 8671; 5874; 3819; 8134; 4655
9515; 2177; 5716; 9500; 5133; 3811; 7859; 7143; 4173; 9525; 2000; 7636; 298; 5615; 5319
9516; 8778; 1886; 898; 592; 6023; 6905; 4184; 2750; 6959; 3798; 1377; 7576; 9135; 6796; 6843; 4924; 3765; 8117; 9352; 4463; 326; 3775
6661; 8557; 2104; 8091; 8504; 6276; 7127; 5084; 2220; 581; 2839; 2969; 3766; 9333; 9088; 6183; 5925; 2019; 1888; 4285; 7034; 2706; 439; 2523; 9321
9522; 8684; 1752; 1633; 8047; 1983; 2356; 3400; 7829; 7222; 6922; 369; 74; 7684; 6300
8179; 9; 7292; 5963; 2042; 4657; 2675; 955; 3280; 3909; 1609; 5580; 5654; 8578; 3869; 4791; 2543; 9254; 8122
3222; 3876; 2124; 6558; 2367; 1393; 4375; 7965; 7018; 442; 5316; 1522; 536; 4640; 3021; 4628; 5844
6670; 580; 9183; 4001; 1641; 9840; 4484; 673; 1376; 7271; 6168; 4135; 584; 136; 1658; 3787; 5729; 8602
6671; 798; 7442; 2233; 4194; 1751; 2811; 8591; 8209; 2896; 796; 4438; 9501; 7482; 3528; 1194; 1775; 2862; 2325; 3700
9527; 4588; 5526; 8518; 1301; 6640; 5249; 6114; 6798; 224; 4106; 5351; 7255; 9601; 1884; 5296; 8484; 4651; 9703; 3962; 5466
3224; 8351; 8913; 585; 1738; 5841; 1291; 5579; 6102; 9164; 3774; 9746; 4373; 7483; 7578; 4107; 7035; 9295
749; 190; 9769; 2288; 5767; 3699; 1922; 9229; 3759; 2509; 2488; 2009; 7804; 4138; 5163; 1210; 1761; 4584; 5419
9536; 8967; 8524; 5979; 6746; 3543; 7037; 872; 6226; 6098; 1491; 9761; 2482; 4851; 155; 8610; 7970; 6757; 2863; 2249
6093; 1477; 1659; 9313; 2247; 1569; 6547; 3335; 9190; 3875; 3310; 5060; 9456; 6955; 6629; 443; 2155; 8749; 2430
756; 4212; 2073; 3835; 7403; 8916; 5982; 6210; 761; 6534; 2478; 2864; 1765; 5288; 4665; 3711; 7832; 8276; 9154; 3808; 830
8197; 6857; 2993; 632; 8275; 5166; 6996; 5690; 7646; 4837; 4859; 1803; 5015; 6811; 9541; 5411; 1381; 6225; 5783; 2519; 4604; 8539
1309; 3105; 8730; 989; 5992; 3292; 2861; 3447; 5951; 8899; 6928; 8720; 45; 3477; 6873; 3783
5005; 3591; 6261; 3938; 2284; 7795; 1774; 6005; 5873; 7167; 9246; 9083; 2352; 4580; 4927; 5980; 3628; 8576; 7986
137; 7134; 6706; 4261; 7733; 8042; 681; 1930; 1987; 2229; 9204; 9999; 6215; 9946; 3763; 9664; 5793; 3593; 2646; 9843; 7504
5013; 4508; 6827; 3298; 2412; 6511; 7163; 3782; 4842; 9257; 8377; 9467; 4351; 7113; 6362; 1405
5014; 9772; 7895; 3824; 3721; 6326; 2602; 2470; 2130; 1336; 4274; 8051; 8709; 210
4555; 7334; 4170; 2133; 9880; 6878; 3191; 8125; 8255; 339; 5966; 4335; 8653; 2440; 7216; 4743
2331; 2821; 9663; 9994; 5079; 1558; 579; 7767; 8783; 3427; 7005; 9781; 1328; 5236; 7779; 4284; 2393; 905; 4517; 4399; 4537; 1996
7249; 8282; 8890; 1904; 7289; 3539; 972; 2899; 3519; 7256; 3551; 6813; 2577; 3101; 2579; 8101; 9986; 5334; 7806; 1219; 1236; 8011; 1386; 5238; 6151; 8358; 4742; 4881; 3730; 8257; 4645
9979; 8608; 1608; 9331; 132; 2593; 3872; 6817; 6111; 1026; 8057; 28; 4242; 1516; 4056; 1568; 8349; 2384; 3807; 193
1331; 4065; 4324; 8006; 4830; 6500; 3319; 7444; 6; 6923; 5269; 8254; 60; 9555; 6174; 8505; 1592; 3416; 3555
5535; 9153; 358; 4677; 4840; 2656; 3914; 6598; 3189; 3752; 7631; 7227; 6205; 8909; 2494; 7424; 9716
5536; 4078; 2505; 1794; 670; 3608; 808; 7379; 3062; 1758; 1193; 2753; 3549; 2108; 9811; 4850; 2844; 8812; 964; 9561; 5581; 3417; 5901; 7178
4567; 2841; 7566; 9609; 9274; 8666; 5570; 1046; 9989; 2464; 8993; 7131; 6913; 5381; 1196; 9394; 4756; 1450; 6518; 857
7261; 6319; 9727; 1779; 5571; 7697; 7459; 7090; 827; 9202; 5222; 7511; 2715; 2596; 5896; 1848; 7356; 6157; 7111; 208
160; 9176; 6993; 7705; 9912; 782; 51; 4339; 4769; 5352; 1101; 2826; 6850; 2016; 7372; 7819; 4403; 4207
5542; 8307; 2350; 3188; 5251; 1529; 3572; 2815; 8651; 7295; 7202
5550; 8943; 1759; 9925; 3571; 6771; 7610; 8844; 4402; 6548; 4528; 5270; 7867; 6702; 2085; 1016; 4662; 1074
5043; 1986; 4998; 6321; 7761; 5825; 5047; 7421; 8743; 9367; 185; 4695; 8895; 5619; 9093; 9327
7739; 2454; 9108; 7652; 2972; 2360; 6029; 3401; 2578; 867; 5720; 5300; 8710; 1822; 8561; 8925; 3001; 9747
3667; 9750; 3023; 8669; 2756; 6306; 7209; 7172; 7535; 9309; 9488; 9745; 8607; 1493; 1135; 8367; 3241; 3927
4139; 4877; 6756; 6251; 8318; 8763; 2485; 6560; 3017; 2601; 2170; 2484; 1549; 6357; 4919; 3552; 2188; 6142; 4083; 7759
3684; 4976; 1168; 5742; 5745; 9739; 4031; 6327; 4246; 1992; 702; 6342; 7914; 5271; 8214; 8407; 1187; 1158; 2542; 6024; 7565
6124; 9007; 1623; 5991; 8489; 2940; 8935; 8842; 2435; 1950; 8940; 3544; 4391; 1600; 5780; 2242; 3654; 3484; 3689; 4238; 3127
4151; 1308; 8918; 4394; 7137; 5171; 8017; 2131; 1288; 337; 5294; 1704; 9121; 2953
3702; 177; 2784; 9065; 813; 8470; 8388; 6856; 7210; 310; 2724; 6519; 649; 6563; 7556; 5626; 655; 6755; 2672; 4094
772; 7314; 7383; 1360; 1235; 2684; 5087; 2714; 2788; 8335; 9446; 3262; 6758; 8668; 2128; 2158; 5483
3253; 2625; 7893; 4437; 3624; 4100; 8100; 3324; 5096; 4096; 9069; 8667; 4866; 5458; 930; 2118; 3879; 5481; 8363; 3958; 1572; 1298; 340; 8777; 8907; 2444
9557; 2952; 5229; 6764; 8137; 8570; 327; 7062; 4781; 2214
3264; 7466; 4724; 6032; 6976; 977; 4043; 8432; 3266; 4801; 7088; 7797; 6788; 6870; 7838; 34; 448; 6254; 5813; 8986
7307; 9731; 9964; 407; 9177; 6834; 3; 7612; 4780; 9380; 4625; 8810; 7798; 469; 8788
3705; 4193; 1492; 1958; 7980; 3194; 424; 9361; 9189; 8039; 3533; 9141; 223; 6885; 6526; 1673; 651
2372; 8463; 9591; 6523; 7963; 1914; 6315; 1800; 4800; 5472; 3305; 4051; 2046; 5470; 2398; 8110
2385; 9686; 6274; 687; 4270; 1414; 2678; 5199; 4210; 9040; 419; 7534; 5243; 7609; 6914; 519; 9740; 3977; 4703; 8339; 609; 7542
6172; 8815; 9226; 449; 1256; 7347; 1296; 8486; 1829; 1681; 4726; 1157; 4758; 460; 6562; 1933; 9129; 5826
2833; 3442; 6394; 2113; 2880; 3152; 3037; 297; 7375; 5168; 1838; 5069; 680
6772; 8092; 4002; 7981; 6874; 8052; 9674; 5599; 9252; 2573; 3825; 4404; 3327; 5601; 7329; 6583; 3993; 2566; 856
1951; 8004; 3795; 286; 4468; 6539; 4980; 5118; 9793; 720; 8619; 1432; 3395; 9852; 1805; 5800
4646; 9610; 7359; 7041; 3151; 1617; 861; 3885; 850; 5622; 2733; 8291; 9623; 4066; 9724; 4668; 5822
851; 2778; 8748; 3131; 5415; 5092; 7978; 3794; 8835; 8717; 7723; 6404; 4975
4685; 1073; 8392; 1035; 2480; 328; 1515; 2153; 6406; 6449; 7221; 8094; 5689; 9854; 3418; 9209; 2774
3788; 7488; 4894; 5703; 5789; 2052; 6302; 3959; 4712
5718; 1539; 8366; 3350; 3467; 6258; 7086; 7985; 8096; 6998; 6978; 6036; 1215; 6233; 4105; 2762; 7675
6335; 3858; 7455; 7007; 7608; 1795; 5829; 8487; 6569; 5447; 9455; 8951; 1287; 2068; 8858
2088; 7400; 4314; 5234; 8479; 605; 3322; 7508; 3015; 6376; 1028; 662; 32; 5452; 6550; 1653
2732; 7725; 9841; 7232; 5640; 3079; 7698; 875; 2250; 532; 485; 9927
38; 1465; 9044
